{"stats":{"minecraft:mined":{"biomesoplenty:maple_leaves":1,"minecraft:torch":1,"minecraft:crafting_table":1,"minecraft:calcite":2,"minecraft:grass_block":2,"minecraft:oak_log":8,"minecraft:dirt":8,"minecraft:stone":39,"minecraft:oak_leaves":1},"minecraft:picked_up":{"minecraft:stick":1,"minecraft:crafting_table":1,"minecraft:torch":1,"minecraft:oak_log":8,"minecraft:dirt":10,"minecraft:bundle":1,"minecraft:item_frame":1,"minecraft:rotten_flesh":1,"minecraft:golden_apple":1,"minecraft:calcite":2,"minecraft:oak_sapling":1,"minecraft:cobblestone":39},"minecraft:custom":{"minecraft:time_since_rest":16686,"lootr:looted_stat":6,"minecraft:sprint_one_cm":66076,"minecraft:damage_taken":642,"minecraft:walk_one_cm":38089,"minecraft:mob_kills":41,"minecraft:drop":2,"minecraft:damage_dealt":6904,"minecraft:interact_with_crafting_table":5,"minecraft:fly_one_cm":57974,"minecraft:crouch_one_cm":995,"minecraft:play_time":20112,"tombstone:undead_killed":40,"minecraft:deaths":1,"minecraft:sneak_time":1033,"minecraft:jump":328,"minecraft:time_since_death":16937,"minecraft:leave_game":2,"minecraft:walk_on_water_one_cm":324,"minecraft:total_world_time":20112,"minecraft:fall_one_cm":6271},"minecraft:dropped":{"spartanweaponry:wooden_boomerang":1,"minecraft:torch":8},"minecraft:broken":{"minecraft:stone_sword":1},"minecraft:killed_by":{"alexsmobs:grizzly_bear":1},"minecraft:crafted":{"minecraft:oak_planks":16,"minecraft:crafting_table":1,"minecraft:stick":12,"minecraft:wooden_pickaxe":1,"minecraft:stone_pickaxe":1,"minecraft:stone_sword":1,"minecraft:torch":12,"minecraft:stone_axe":1,"cyclic:compressed_cobblestone":3},"minecraft:used":{"minecraft:stone_sword":131,"minecraft:stone_pickaxe":22,"minecraft:wooden_pickaxe":19,"minecraft:torch":5,"minecraft:stone_axe":36,"minecraft:dirt":10,"minecraft:cobblestone":3,"minecraft:crafting_table":2,"minecraft:pumpkin_pie":4,"alexsmobs:animal_dictionary":2},"minecraft:killed":{"minecraft:skeleton":2,"minecraft:husk":36,"minecraft:zombie":2}},"DataVersion":3465}