{"stats":{"minecraft:mined":{"minecraft:grass_block":2,"minecraft:oak_log":8,"minecraft:dirt":8,"minecraft:stone":14,"minecraft:oak_leaves":1},"minecraft:picked_up":{"minecraft:oak_log":8,"minecraft:oak_sapling":1,"minecraft:dirt":10,"minecraft:cobblestone":11},"minecraft:custom":{"minecraft:time_since_rest":2691,"minecraft:walk_one_cm":5686,"minecraft:play_time":6117,"minecraft:sprint_one_cm":13818,"minecraft:damage_taken":280,"minecraft:deaths":1,"minecraft:sneak_time":4,"minecraft:jump":96,"minecraft:leave_game":1,"minecraft:time_since_death":2942,"minecraft:total_world_time":6117,"minecraft:interact_with_crafting_table":1,"minecraft:fall_one_cm":3703,"minecraft:fly_one_cm":21908},"minecraft:killed_by":{"alexsmobs:grizzly_bear":1},"minecraft:crafted":{"minecraft:oak_planks":12,"minecraft:crafting_table":1,"minecraft:stick":4,"minecraft:wooden_pickaxe":1},"minecraft:used":{"minecraft:crafting_table":1,"alexsmobs:animal_dictionary":2,"minecraft:wooden_pickaxe":14}},"DataVersion":3465}