{"stats":{"minecraft:mined":{"biomesoplenty:maple_leaves":1,"minecraft:crafting_table":1,"minecraft:calcite":2,"minecraft:grass_block":2,"minecraft:oak_log":8,"minecraft:dirt":8,"minecraft:stone":39,"minecraft:oak_leaves":1},"minecraft:picked_up":{"minecraft:stick":1,"minecraft:crafting_table":1,"minecraft:oak_log":8,"minecraft:dirt":10,"minecraft:item_frame":1,"minecraft:rotten_flesh":1,"minecraft:golden_apple":1,"minecraft:calcite":2,"minecraft:oak_sapling":1,"minecraft:cobblestone":39},"minecraft:custom":{"minecraft:time_since_rest":12920,"lootr:looted_stat":6,"minecraft:sprint_one_cm":63435,"minecraft:damage_taken":431,"minecraft:walk_one_cm":33676,"minecraft:mob_kills":4,"minecraft:drop":1,"minecraft:damage_dealt":1533,"minecraft:interact_with_crafting_table":4,"minecraft:fly_one_cm":57481,"minecraft:crouch_one_cm":748,"minecraft:play_time":16346,"tombstone:undead_killed":4,"minecraft:deaths":1,"minecraft:sneak_time":127,"minecraft:jump":274,"minecraft:time_since_death":13171,"minecraft:leave_game":1,"minecraft:walk_on_water_one_cm":324,"minecraft:total_world_time":16346,"minecraft:fall_one_cm":6271},"minecraft:dropped":{"spartanweaponry:wooden_boomerang":1},"minecraft:killed_by":{"alexsmobs:grizzly_bear":1},"minecraft:crafted":{"minecraft:oak_planks":16,"minecraft:crafting_table":1,"minecraft:stick":12,"minecraft:wooden_pickaxe":1,"minecraft:stone_pickaxe":1,"minecraft:torch":12,"minecraft:stone_axe":1,"cyclic:compressed_cobblestone":3},"minecraft:used":{"minecraft:stone_pickaxe":22,"minecraft:wooden_pickaxe":19,"minecraft:torch":3,"minecraft:stone_axe":20,"minecraft:dirt":9,"minecraft:cobblestone":3,"minecraft:crafting_table":2,"minecraft:pumpkin_pie":2,"alexsmobs:animal_dictionary":2},"minecraft:killed":{"minecraft:husk":3,"minecraft:zombie":1}},"DataVersion":3465}