{"stats":{"minecraft:crafted":{"minecraft:oak_planks":80,"minecraft:iron_nugget":9,"minecraft:furnace":1,"minecraft:bone_meal":6,"minecraft:glass":15,"vampirism:altar_inspiration":1,"spartanweaponry:wooden_boomerang":1,"minecraft:iron_axe":2,"minecraft:stone_pickaxe":3,"minecraft:chest":6,"minecraft:dark_oak_planks":4,"minecraft:glass_bottle":6,"minecraft:crafting_table":1,"minecraft:bucket":1,"minecraft:birch_planks":36,"minecraft:air":0,"minecraft:wooden_hoe":2,"minecraft:stick":12,"minecraft:iron_ingot":7,"minecraft:iron_pickaxe":1,"vampirism:blood_container":2,"minecraft:torch":76},"minecraft:killed_by":{"vampirism:advanced_vampire":1,"mekanismadditions:baby_skeleton":1},"minecraft:killed":{"vampirism:advanced_vampire":2,"minecraft:spider":3,"minecraft:skeleton":1,"vampirism:blinding_bat":1,"mekanismadditions:baby_skeleton":1,"minecraft:sheep":3,"minecraft:zombie":5},"minecraft:picked_up":{"minecraft:crafting_table":4,"minecraft:wheat":3,"minecraft:enchanted_book":2,"minecraft:string":3,"minecraft:raw_copper":37,"minecraft:iron_axe":2,"minecraft:gold_nugget":5,"minecraft:cobbled_deepslate":38,"minecraft:iron_pickaxe":3,"minecraft:birch_sapling":6,"spartanweaponry:stone_dagger":2,"minecraft:furnace":2,"spartanweaponry:wooden_heavy_crossbow":1,"minecraft:stick":141,"minecraft:raw_iron":8,"minecraft:stone":1,"minecraft:torch":19,"minecraft:note_block":14,"minecraft:porkchop":1,"vampirism:vampire_fang":1,"minecraft:diorite":6,"minecraft:redstone":104,"minecraft:rotten_flesh":11,"minecraft:arrow":4,"minecraft:stone_shovel":2,"minecraft:gold_ingot":2,"minecraft:mutton":2,"minecraft:white_wool":2,"minecraft:cobblestone":336,"minecraft:birch_log":279,"vampirism:vampire_blood_bottle":3,"minecraft:andesite":18,"spartanweaponry:wooden_club":1,"minecraft:black_bed":1,"minecraft:brown_wool":2,"minecraft:yellow_dye":1,"minecraft:flint":2,"minecraft:tuff":3,"minecraft:oak_log":86,"minecraft:lapis_lazuli":98,"minecraft:dirt":81,"spartanweaponry:iron_rapier":2,"minecraft:cooked_mutton":3,"minecraft:bone":2,"minecraft:apple":3,"minecraft:wheat_seeds":22,"minecraft:raw_gold":9,"minecraft:stone_pickaxe":2,"minecraft:iron_ingot":5,"minecraft:oak_planks":45,"minecraft:book":180,"spartanweaponry:simple_handle":3,"mekanismtools:osmium_chestplate":1,"minecraft:gravel":8,"spartanshields:wooden_tower_shield":2,"minecraft:sand":15,"alexsmobs:animal_dictionary":2,"minecraft:diamond":4,"minecraft:stone_axe":1,"minecraft:bread":95,"minecraft:oak_sapling":16,"minecraft:black_wool":2,"minecraft:dark_oak_wood":1,"minecraft:coal":62,"iceandfire:raw_silver":9},"minecraft:custom":{"lootr:looted_stat":1,"minecraft:mob_kills":16,"minecraft:animals_bred":1,"minecraft:interact_with_crafting_table":36,"minecraft:damage_dealt_resisted":904,"minecraft:leave_game":3,"minecraft:time_since_death":56690,"minecraft:climb_one_cm":24459,"vampirism:amount_bitten":38,"minecraft:sprint_one_cm":353785,"minecraft:walk_one_cm":213430,"minecraft:drop":45,"vampirism:skills_unlocked":1,"minecraft:play_noteblock":8,"minecraft:play_time":135391,"minecraft:deaths":2,"minecraft:sneak_time":7675,"minecraft:walk_under_water_one_cm":2986,"minecraft:jump":2152,"minecraft:walk_on_water_one_cm":5113,"minecraft:total_world_time":135391,"vampirism:blood_drunk":1600,"vampirism:altar_of_inspiration_rituals_performed":5,"minecraft:interact_with_furnace":67,"spartanshields:shield_bash_hits":1,"minecraft:sleep_in_bed":2,"minecraft:time_since_rest":56712,"minecraft:damage_taken":2512,"minecraft:damage_dealt":5595,"minecraft:swim_one_cm":12651,"minecraft:fly_one_cm":338603,"minecraft:open_chest":98,"minecraft:crouch_one_cm":12734,"minecraft:fall_one_cm":62654},"minecraft:broken":{"minecraft:stone_pickaxe":1,"minecraft:iron_axe":1,"minecraft:iron_pickaxe":1},"minecraft:used":{"minecraft:chest":6,"minecraft:stone":1,"vampirism:blood_container":1,"minecraft:torch":84,"minecraft:iron_axe":256,"spartanweaponry:iron_rapier":81,"minecraft:furnace":3,"minecraft:wheat_seeds":9,"minecraft:cooked_mutton":2,"vampirism:altar_inspiration":1,"minecraft:stone_pickaxe":158,"minecraft:oak_planks":9,"minecraft:crafting_table":4,"minecraft:black_bed":1,"minecraft:wooden_hoe":38,"minecraft:apple":2,"minecraft:bread":29,"minecraft:iron_pickaxe":358,"spartanweaponry:wooden_boomerang":1,"minecraft:cobblestone":94,"spartanweaponry:stone_throwing_knife":1,"minecraft:bucket":1,"minecraft:birch_log":1,"minecraft:andesite":1,"minecraft:bone_meal":6},"minecraft:mined":{"minecraft:tuff":4,"iceandfire:silver_ore":4,"minecraft:deepslate_diamond_ore":4,"minecraft:glow_lichen":1,"minecraft:granite":20,"minecraft:grass_block":6,"minecraft:furnace":2,"minecraft:iron_ore":5,"minecraft:andesite":18,"minecraft:deepslate_lapis_ore":9,"minecraft:bookshelf":9,"minecraft:deepslate_iron_ore":3,"minecraft:stone":293,"minecraft:deepslate_redstone_ore":22,"minecraft:crafting_table":3,"minecraft:torch":6,"minecraft:note_block":7,"minecraft:dark_oak_wood":1,"minecraft:copper_ore":9,"minecraft:cobblestone":8,"minecraft:lapis_ore":6,"minecraft:deepslate_gold_ore":8,"minecraft:diorite":13,"minecraft:wall_torch":3,"minecraft:deepslate_copper_ore":3,"minecraft:birch_log":151,"minecraft:wheat":3,"minecraft:birch_leaves":10,"minecraft:grass":49,"minecraft:oak_log":64,"minecraft:coal_ore":32,"minecraft:sand":15,"minecraft:gravel":10,"minecraft:dirt":15,"minecraft:gold_ore":1,"minecraft:oak_leaves":17,"minecraft:deepslate":38},"minecraft:dropped":{"minecraft:water_bucket":1,"minecraft:bread":35,"spartanweaponry:simple_handle":2,"minecraft:wheat_seeds":12,"spartanweaponry:stone_dagger":2,"minecraft:cobblestone":67,"minecraft:book":60,"spartanweaponry:stone_throwing_knife":2,"minecraft:coal":19,"minecraft:stick":62,"minecraft:diorite":6,"minecraft:wooden_hoe":1,"spartanweaponry:wooden_club":1,"minecraft:brown_wool":1,"minecraft:gold_nugget":5,"minecraft:iron_pickaxe":3,"minecraft:birch_log":20,"minecraft:white_wool":1,"minecraft:gravel":8,"minecraft:stone_axe":1,"minecraft:tuff":3,"minecraft:stone_shovel":2,"minecraft:rotten_flesh":6,"minecraft:stone":1,"vampirism:vampire_blood_bottle":2,"minecraft:andesite":17,"minecraft:oak_sapling":7,"minecraft:stone_pickaxe":2}},"DataVersion":3465}