{"stats":{"minecraft:used":{"minecraft:chest":6,"minecraft:stone":1,"minecraft:torch":80,"minecraft:iron_axe":172,"spartanweaponry:iron_rapier":59,"minecraft:furnace":3,"minecraft:cooked_mutton":1,"minecraft:stone_pickaxe":158,"minecraft:oak_planks":9,"minecraft:crafting_table":4,"minecraft:black_bed":1,"minecraft:wooden_hoe":9,"minecraft:bread":20,"minecraft:iron_pickaxe":258,"spartanweaponry:wooden_boomerang":1,"minecraft:cobblestone":94,"spartanweaponry:stone_throwing_knife":1,"minecraft:andesite":1},"minecraft:killed":{"vampirism:advanced_vampire":1,"minecraft:spider":3,"minecraft:skeleton":1,"mekanismadditions:baby_skeleton":1,"minecraft:sheep":3,"minecraft:zombie":4},"minecraft:crafted":{"minecraft:oak_planks":76,"minecraft:iron_nugget":9,"minecraft:furnace":1,"spartanweaponry:wooden_boomerang":1,"minecraft:iron_axe":1,"minecraft:stone_pickaxe":2,"minecraft:chest":6,"minecraft:dark_oak_planks":4,"minecraft:crafting_table":1,"minecraft:birch_planks":24,"minecraft:air":0,"minecraft:wooden_hoe":1,"minecraft:stick":12,"minecraft:iron_ingot":5,"minecraft:iron_pickaxe":1,"minecraft:torch":76},"minecraft:custom":{"lootr:looted_stat":1,"minecraft:mob_kills":13,"minecraft:interact_with_crafting_table":26,"minecraft:damage_dealt_resisted":306,"minecraft:leave_game":2,"minecraft:time_since_death":7477,"minecraft:climb_one_cm":24459,"minecraft:sprint_one_cm":206871,"minecraft:walk_one_cm":120498,"minecraft:drop":37,"minecraft:play_noteblock":8,"minecraft:play_time":86178,"minecraft:deaths":2,"minecraft:sneak_time":7220,"minecraft:walk_under_water_one_cm":2536,"minecraft:jump":1335,"minecraft:walk_on_water_one_cm":4682,"minecraft:total_world_time":86178,"minecraft:interact_with_furnace":27,"spartanshields:shield_bash_hits":1,"minecraft:sleep_in_bed":2,"minecraft:time_since_rest":7499,"minecraft:damage_taken":1870,"minecraft:damage_dealt":3584,"minecraft:swim_one_cm":12651,"minecraft:fly_one_cm":173405,"minecraft:open_chest":51,"minecraft:crouch_one_cm":11536,"minecraft:fall_one_cm":32993},"minecraft:broken":{"minecraft:stone_pickaxe":1,"minecraft:iron_pickaxe":1},"minecraft:mined":{"minecraft:tuff":4,"iceandfire:silver_ore":2,"minecraft:deepslate_diamond_ore":4,"minecraft:glow_lichen":1,"minecraft:granite":20,"minecraft:grass_block":4,"minecraft:furnace":2,"minecraft:iron_ore":3,"minecraft:andesite":18,"minecraft:deepslate_lapis_ore":9,"minecraft:bookshelf":9,"minecraft:deepslate_iron_ore":3,"minecraft:stone":203,"minecraft:deepslate_redstone_ore":22,"minecraft:torch":5,"minecraft:crafting_table":3,"minecraft:note_block":7,"minecraft:dark_oak_wood":1,"minecraft:cobblestone":8,"minecraft:copper_ore":9,"minecraft:deepslate_gold_ore":8,"minecraft:diorite":13,"minecraft:wall_torch":2,"minecraft:deepslate_copper_ore":3,"minecraft:birch_log":103,"minecraft:birch_leaves":6,"minecraft:grass":16,"minecraft:coal_ore":32,"minecraft:oak_log":33,"minecraft:gravel":10,"minecraft:dirt":14,"minecraft:gold_ore":1,"minecraft:oak_leaves":8,"minecraft:deepslate":38},"minecraft:picked_up":{"minecraft:crafting_table":4,"minecraft:enchanted_book":2,"minecraft:string":3,"minecraft:raw_copper":37,"minecraft:iron_axe":2,"minecraft:gold_nugget":5,"minecraft:cobbled_deepslate":38,"minecraft:iron_pickaxe":3,"minecraft:birch_sapling":6,"spartanweaponry:stone_dagger":2,"minecraft:furnace":2,"spartanweaponry:wooden_heavy_crossbow":1,"minecraft:stick":138,"minecraft:raw_iron":6,"minecraft:stone":1,"minecraft:torch":14,"minecraft:note_block":14,"minecraft:porkchop":1,"minecraft:diorite":6,"minecraft:redstone":104,"minecraft:stone_shovel":2,"minecraft:arrow":4,"minecraft:rotten_flesh":10,"minecraft:gold_ingot":2,"minecraft:mutton":2,"minecraft:white_wool":2,"minecraft:cobblestone":267,"minecraft:birch_log":234,"vampirism:vampire_blood_bottle":2,"minecraft:andesite":18,"spartanweaponry:wooden_club":1,"minecraft:black_bed":1,"minecraft:brown_wool":2,"minecraft:yellow_dye":1,"minecraft:flint":2,"minecraft:tuff":3,"minecraft:oak_log":55,"minecraft:lapis_lazuli":60,"minecraft:dirt":75,"spartanweaponry:iron_rapier":2,"minecraft:cooked_mutton":3,"minecraft:bone":2,"minecraft:apple":2,"minecraft:wheat_seeds":2,"minecraft:raw_gold":9,"minecraft:stone_pickaxe":2,"minecraft:iron_ingot":2,"minecraft:oak_planks":45,"minecraft:book":180,"spartanweaponry:simple_handle":3,"mekanismtools:osmium_chestplate":1,"minecraft:gravel":8,"spartanshields:wooden_tower_shield":2,"alexsmobs:animal_dictionary":2,"minecraft:diamond":4,"minecraft:stone_axe":1,"minecraft:bread":94,"minecraft:oak_sapling":10,"minecraft:black_wool":2,"minecraft:dark_oak_wood":1,"minecraft:coal":62,"iceandfire:raw_silver":7},"minecraft:killed_by":{"vampirism:advanced_vampire":1,"mekanismadditions:baby_skeleton":1},"minecraft:dropped":{"minecraft:bread":34,"spartanweaponry:simple_handle":2,"spartanweaponry:stone_dagger":2,"minecraft:cobblestone":67,"minecraft:book":60,"spartanweaponry:stone_throwing_knife":2,"minecraft:coal":19,"minecraft:stick":62,"minecraft:diorite":6,"spartanweaponry:wooden_club":1,"minecraft:brown_wool":1,"minecraft:gold_nugget":5,"minecraft:iron_pickaxe":2,"minecraft:white_wool":1,"minecraft:gravel":8,"minecraft:stone_axe":1,"minecraft:tuff":3,"minecraft:stone_shovel":2,"minecraft:rotten_flesh":6,"minecraft:stone":1,"vampirism:vampire_blood_bottle":2,"minecraft:andesite":17,"minecraft:oak_sapling":6,"minecraft:stone_pickaxe":2}},"DataVersion":3465}