{"stats":{"minecraft:broken":{"minecraft:stone_sword":4,"minecraft:shield":1,"minecraft:iron_axe":1,"minecraft:stone_axe":1},"minecraft:killed":{"vampirism:vampire":3,"minecraft:cave_spider":1,"minecraft:spider":5,"minecraft:skeleton":41,"mekanismadditions:baby_skeleton":3,"alexsmobs:bison":1,"minecraft:husk":81,"minecraft:pig":4,"minecraft:zombie_villager":2,"minecraft:creeper":3,"minecraft:sheep":1,"minecraft:zombie":29,"iceandfire:ghost":1,"minecraft:stray":7,"minecraft:wither_skeleton":5,"minecraft:cow":15},"minecraft:crafted":{"minecraft:oak_planks":88,"spartanweaponry:iron_scythe":1,"minecraft:furnace":1,"minecraft:bow":1,"minecraft:iron_axe":1,"minecraft:stone_pickaxe":1,"minecraft:chest":9,"cyclic:compressed_cobblestone":3,"sophisticatedbackpacks:iron_backpack":1,"sophisticatedbackpacks:backpack":1,"spartanweaponry:pole":1,"minecraft:crafting_table":9,"minecraft:wooden_pickaxe":1,"sophisticatedbackpacks:gold_backpack":1,"minecraft:gold_block":15,"scalinghealth:heart_crystal":1,"minecraft:mangrove_planks":4,"minecraft:stone_axe":1,"minecraft:cobblestone":27,"sophisticatedbackpacks:diamond_backpack":1,"minecraft:stick":68,"minecraft:iron_block":3,"minecraft:stone_sword":4,"minecraft:anvil":1,"minecraft:torch":256},"minecraft:used":{"minecraft:stone_sword":525,"minecraft:iron_bars":2,"minecraft:chest":8,"minecraft:shield":64,"minecraft:torch":347,"minecraft:dirt":10,"scalinghealth:heart_crystal":12,"minecraft:anvil":1,"minecraft:carrot":19,"spartanweaponry:diamond_spear":7,"minecraft:iron_axe":153,"minecraft:stone_bricks":65,"minecraft:furnace":1,"tombstone:gift":7,"minecraft:cooked_beef":5,"minecraft:stone_pickaxe":123,"minecraft:baked_potato":15,"minecraft:mangrove_planks":4,"minecraft:oak_planks":15,"minecraft:wooden_pickaxe":19,"minecraft:mossy_stone_brick_stairs":1,"minecraft:stripped_mangrove_wood":2,"minecraft:golden_apple":3,"minecraft:crafting_table":12,"minecraft:mushroom_stew":1,"minecraft:blast_furnace":2,"spartanweaponry:spider_head":1,"minecraft:cake":1,"spartanweaponry:diamond_warhammer":2,"minecraft:diamond_pickaxe":47,"minecraft:apple":2,"minecraft:zombie_head":1,"minecraft:bread":26,"minecraft:iron_pickaxe":32,"spartanweaponry:wooden_boomerang":1,"tombstone:grave_key":4,"minecraft:stone_axe":68,"minecraft:cobblestone":29,"minecraft:potion":3,"minecraft:cooked_porkchop":3,"minecraft:pumpkin_pie":12,"alexsmobs:animal_dictionary":2,"vampirism:totem_base":2,"spartanweaponry:iron_scythe":155},"minecraft:killed_by":{"minecraft:husk":3,"minecraft:creeper":2,"minecraft:skeleton":3,"alexsmobs:grizzly_bear":2,"iceandfire:fire_dragon":2},"minecraft:mined":{"minecraft:stone_pressure_plate":1,"minecraft:mossy_cobblestone":2,"minecraft:brewing_stand":1,"biomesoplenty:bush":2,"minecraft:granite":6,"minecraft:allium":5,"minecraft:grass_block":11,"minecraft:oak_pressure_plate":1,"minecraft:coal_block":1,"minecraft:spawner":9,"minecraft:mossy_cobblestone_stairs":2,"minecraft:iron_ore":6,"minecraft:cobbled_deepslate":1,"minecraft:mossy_stone_brick_stairs":4,"minecraft:bookshelf":13,"minecraft:vine":4,"minecraft:oak_stairs":3,"minecraft:iron_bars":18,"minecraft:stripped_mangrove_wood":3,"minecraft:stone":89,"minecraft:quartz_block":9,"minecraft:crafting_table":1,"minecraft:torch":7,"minecraft:blast_furnace":2,"minecraft:polished_andesite_stairs":2,"minecraft:calcite":2,"minecraft:tall_grass":1,"minecraft:cobblestone":6,"biomesoplenty:sprout":3,"minecraft:oak_planks":15,"minecraft:sugar_cane":3,"minecraft:iron_door":1,"minecraft:diorite":2,"minecraft:wall_torch":1,"minecraft:lilac":1,"biomesoplenty:maple_leaves":1,"minecraft:birch_door":1,"alltheores:tin_ore":1,"minecraft:tnt":4,"minecraft:stone_brick_stairs":8,"minecraft:grass":20,"minecraft:oak_log":8,"minecraft:coal_ore":2,"minecraft:dirt":19,"minecraft:cracked_stone_bricks":4,"minecraft:stone_bricks":8,"minecraft:mossy_stone_bricks":5,"minecraft:oak_leaves":3},"minecraft:dropped":{"minecraft:golden_boots":1,"minecraft:tnt":3,"minecraft:glass_bottle":1,"minecraft:crafting_table":2,"minecraft:iron_helmet":1,"minecraft:cobblestone":1,"minecraft:leather":5,"vampirism:amulet":1,"minecraft:emerald":3,"minecraft:item_frame":1,"minecraft:stick":5,"spartanweaponry:wooden_boomerang":1,"minecraft:dirt":3,"minecraft:torch":10,"minecraft:diamond_helmet":1,"minecraft:potion":2,"minecraft:pumpkin_pie":1,"minecraft:iron_axe":2,"minecraft:iron_pickaxe":1,"minecraft:string":1,"minecraft:dandelion":1,"spartanweaponry:stray_skull":1,"minecraft:golden_chestplate":1,"minecraft:bowl":1,"minecraft:experience_bottle":31,"minecraft:rotten_flesh":34,"minecraft:oak_planks":13,"minecraft:iron_boots":1,"minecraft:potato":2,"minecraft:golden_leggings":1,"minecraft:birch_door":1,"minecraft:leather_leggings":1,"minecraft:spider_eye":3,"minecraft:stone_bricks":2,"minecraft:diamond_boots":1,"minecraft:bow":1},"minecraft:picked_up":{"minecraft:iron_chestplate":4,"minecraft:birch_door":1,"minecraft:crafting_table":5,"minecraft:allium":3,"minecraft:leather_leggings":1,"minecraft:diamond_sword":1,"minecraft:oak_stairs":3,"minecraft:potion":1,"minecraft:enchanted_book":1,"minecraft:stone_brick_stairs":7,"minecraft:brewing_stand":1,"minecraft:shield":1,"minecraft:string":7,"minecraft:raw_copper":3,"minecraft:iron_axe":2,"minecraft:red_nether_bricks":1,"minecraft:iron_leggings":1,"minecraft:item_frame":1,"minecraft:experience_bottle":25,"minecraft:iron_shovel":1,"minecraft:zombie_head":5,"spartanweaponry:stray_skull":5,"minecraft:diamond_leggings":1,"minecraft:cobbled_deepslate":2,"bosses_of_mass_destruction:soul_star":1,"minecraft:beef":38,"minecraft:calcite":2,"minecraft:iron_pickaxe":3,"minecraft:sugar_cane":5,"minecraft:iron_boots":1,"minecraft:tipped_arrow":4,"minecraft:stick":4,"minecraft:raw_iron":6,"minecraft:stripped_mangrove_wood":3,"minecraft:torch":16,"minecraft:porkchop":7,"tombstone:bone_needle":1,"tombstone:grave_dust":15,"minecraft:diorite":2,"spartanweaponry:spider_head":1,"vampirism:amulet":1,"minecraft:carrot":1,"minecraft:golden_chestplate":2,"minecraft:stone_pressure_plate":1,"botania:black_lotus":3,"minecraft:tnt":3,"minecraft:quartz_block":6,"minecraft:arrow":51,"minecraft:rotten_flesh":130,"minecraft:pumpkin_pie":1,"minecraft:nether_bricks":1,"minecraft:iron_bars":17,"minecraft:skeleton_skull":5,"minecraft:white_wool":1,"minecraft:cobblestone":99,"minecraft:birch_log":18,"minecraft:leather_chestplate":1,"minecraft:iron_door":1,"minecraft:leather":12,"minecraft:golden_leggings":1,"alexsmobs:bison_fur":2,"minecraft:potato":2,"minecraft:oak_log":114,"minecraft:chainmail_chestplate":2,"minecraft:golden_boots":2,"minecraft:nether_wart_block":1,"minecraft:gunpowder":6,"scalinghealth:heart_crystal":10,"minecraft:dirt":13,"alltheores:raw_tin":1,"minecraft:bone":55,"minecraft:apple":6,"minecraft:stone_bricks":8,"minecraft:bow":3,"scalinghealth:power_crystal_shard":9,"minecraft:mossy_stone_bricks":3,"minecraft:diamond_helmet":1,"minecraft:iron_sword":1,"minecraft:oak_planks":42,"minecraft:mossy_stone_brick_stairs":5,"minecraft:book":42,"minecraft:polished_andesite_stairs":1,"scalinghealth:heart_crystal_shard":15,"minecraft:cooked_porkchop":6,"minecraft:dandelion":1,"minecraft:oak_pressure_plate":1,"minecraft:blast_furnace":2,"minecraft:spider_eye":3,"minecraft:mossy_cobblestone":2,"minecraft:leather_helmet":1,"minecraft:bundle":2,"minecraft:diamond":5,"minecraft:chainmail_leggings":1,"minecraft:iron_helmet":3,"minecraft:granite":6,"minecraft:golden_apple":1,"minecraft:mossy_cobblestone_stairs":3,"tombstone:magic_scroll":1,"minecraft:baked_potato":4,"minecraft:oak_sapling":1,"minecraft:coal":3},"minecraft:custom":{"lootr:looted_stat":87,"minecraft:interact_with_anvil":3,"minecraft:mob_kills":207,"minecraft:interact_with_crafting_table":37,"minecraft:eat_cake_slice":5,"minecraft:leave_game":6,"minecraft:time_since_death":22606,"minecraft:climb_one_cm":2882,"minecraft:sprint_one_cm":654389,"minecraft:walk_one_cm":317728,"minecraft:damage_blocked_by_shield":4230,"minecraft:drop":43,"vampirism:interact_with_totem":1,"minecraft:damage_dealt_absorbed":148,"minecraft:talked_to_villager":1,"minecraft:play_time":187201,"minecraft:deaths":12,"minecraft:sneak_time":6029,"minecraft:walk_under_water_one_cm":4535,"minecraft:jump":2643,"minecraft:interact_with_blast_furnace":2,"minecraft:walk_on_water_one_cm":16369,"minecraft:total_world_time":187201,"minecraft:interact_with_furnace":3,"spartanshields:shield_bash_hits":3,"tombstone:raider_killed":8,"minecraft:sleep_in_bed":2,"minecraft:time_since_rest":18493,"minecraft:damage_absorbed":120,"minecraft:damage_taken":11850,"minecraft:damage_dealt":36659,"minecraft:swim_one_cm":38215,"minecraft:fly_one_cm":934802,"minecraft:open_chest":33,"minecraft:crouch_one_cm":7513,"tombstone:undead_killed":169,"minecraft:fall_one_cm":113966}},"DataVersion":3465}