{"stats":{"minecraft:broken":{"minecraft:chainmail_chestplate":1,"minecraft:stone_axe":1,"minecraft:golden_pickaxe":1},"minecraft:killed":{"vampirism:vampire":2,"minecraft:cave_spider":3,"alexsmobs:raccoon":1,"minecraft:spider":5,"alexsmobs:tasmanian_devil":1,"minecraft:skeleton":3,"alexsmobs:blue_jay":1,"minecraft:piglin":2,"alexsmobs:grizzly_bear":1,"minecraft:creeper":2,"vampirism:hunter":4,"minecraft:sheep":1,"minecraft:zombie":5,"iceandfire:ghost":3,"alexsmobs:terrapin":2,"alexsmobs:crow":2,"minecraft:enderman":1,"minecraft:cow":1},"minecraft:used":{"spartanweaponry:iron_halberd":7,"minecraft:chest":6,"minecraft:shield":5,"minecraft:iron_sword":81,"minecraft:orange_bed":1,"minecraft:torch":50,"cyclic:emerald_sword":7,"minecraft:dirt":8,"iceandfire:copper_sword":4,"alexsmobs:maggot":1,"minecraft:birch_sapling":2,"minecraft:iron_helmet":2,"minecraft:bow":1,"tombstone:gift":4,"minecraft:egg":4,"minecraft:cooked_beef":17,"botania:white_mystical_flower":1,"minecraft:stone_pickaxe":41,"minecraft:oak_planks":2,"minecraft:chainmail_helmet":2,"minecraft:cracked_stone_bricks":1,"minecraft:crafting_table":3,"spartanweaponry:spider_head":1,"endrem:rogue_eye":1,"minecraft:golden_leggings":1,"minecraft:stone_axe":173,"minecraft:cobblestone":15,"minecraft:potion":1,"alexsmobs:animal_dictionary":1,"minecraft:golden_pickaxe":28,"spartanweaponry:iron_scythe":9,"minecraft:chainmail_leggings":1},"minecraft:crafted":{"botania:manasteel_leggings":1,"minecraft:oak_planks":76,"spartanweaponry:iron_scythe":1,"minecraft:stone_pickaxe":1,"minecraft:chest":6,"minecraft:cooked_beef":30,"spartanweaponry:iron_halberd":1,"spartanweaponry:pole":2,"minecraft:crafting_table":2,"spartanweaponry:handle":2,"scalinghealth:heart_crystal":1,"minecraft:stone_axe":2,"minecraft:air":0,"cyclic:emerald_chestplate":1,"minecraft:stick":8,"minecraft:gold_ingot":2,"cyclic:emerald_sword":1,"minecraft:torch":60},"minecraft:killed_by":{"minecraft:piglin_brute":1,"minecraft:creeper":1,"mekanismadditions:baby_skeleton":1,"minecraft:skeleton":1,"minecraft:zombie":3,"alexsmobs:grizzly_bear":4},"minecraft:mined":{"minecraft:grass_block":3,"minecraft:spawner":2,"minecraft:fire":4,"minecraft:andesite":1,"minecraft:mossy_stone_brick_stairs":2,"minecraft:vine":1,"minecraft:iron_bars":6,"minecraft:stripped_oak_log":1,"biomesoplenty:barley":3,"minecraft:stone":14,"minecraft:orange_bed":1,"minecraft:crafting_table":2,"minecraft:torch":5,"iceandfire:ghost_chest":2,"minecraft:mushroom_stem":5,"minecraft:tall_grass":7,"minecraft:cobblestone":6,"minecraft:sugar_cane":2,"minecraft:oak_planks":3,"minecraft:wall_torch":1,"minecraft:birch_log":18,"minecraft:birch_leaves":1,"biomesoplenty:maple_leaves":1,"minecraft:grass":17,"minecraft:oak_log":102,"minecraft:coal_ore":20,"minecraft:dirt":5,"minecraft:cracked_stone_bricks":1,"minecraft:stone_bricks":1,"minecraft:oak_leaves":18},"minecraft:dropped":{"minecraft:golden_boots":2,"minecraft:cooked_beef":14,"minecraft:oak_log":106,"minecraft:glass_bottle":1,"minecraft:crafting_table":1,"tombstone:tablet_of_guard":1,"tombstone:grave_key":3,"minecraft:birch_log":18,"minecraft:oak_planks":18,"minecraft:leather_chestplate":1,"minecraft:shield":1,"minecraft:leather_leggings":2},"minecraft:picked_up":{"minecraft:crafting_table":2,"spartanweaponry:cave_spider_head":1,"tombstone:grave_key":1,"minecraft:shield":1,"iceandfire:manuscript":1,"minecraft:string":8,"minecraft:cracked_stone_bricks":1,"minecraft:gold_nugget":4,"minecraft:beef":1,"minecraft:sugar_cane":2,"minecraft:birch_sapling":2,"minecraft:stick":8,"iceandfire:ghost_chest":2,"minecraft:copper_ingot":1,"minecraft:torch":6,"mekanismtools:refined_obsidian_shovel":1,"tombstone:grave_dust":1,"spartanweaponry:spider_head":2,"minecraft:orange_bed":1,"botania:white_mystical_flower":1,"minecraft:arrow":1,"minecraft:rotten_flesh":9,"minecraft:mutton":1,"minecraft:iron_bars":4,"minecraft:cobblestone":28,"minecraft:birch_log":18,"minecraft:stripped_oak_log":1,"minecraft:leather_chestplate":2,"spartanweaponry:iron_warhammer":1,"minecraft:feather":2,"minecraft:cooked_beef":8,"minecraft:andesite":1,"minecraft:leather":2,"minecraft:potato":1,"alexsmobs:bear_fur":2,"minecraft:oak_log":124,"minecraft:chainmail_chestplate":1,"minecraft:golden_boots":1,"minecraft:gunpowder":3,"scalinghealth:heart_crystal":1,"minecraft:dirt":8,"vampirism:human_heart":3,"minecraft:bone":12,"minecraft:apple":1,"minecraft:stone_bricks":1,"minecraft:bow":1,"minecraft:wheat_seeds":1,"tombstone:tablet_of_guard":1,"minecraft:oak_planks":3,"scalinghealth:heart_crystal_shard":12,"minecraft:spider_eye":2,"tombstone:scroll_of_mercy":1,"minecraft:emerald":7,"alexsmobs:maggot":1,"minecraft:oak_sapling":21,"minecraft:coal":20},"minecraft:custom":{"lootr:looted_stat":26,"minecraft:mob_kills":40,"minecraft:interact_with_crafting_table":24,"minecraft:damage_dealt_resisted":310,"minecraft:leave_game":3,"minecraft:time_since_death":26802,"minecraft:climb_one_cm":2022,"minecraft:sprint_one_cm":365131,"minecraft:walk_one_cm":219621,"minecraft:damage_blocked_by_shield":390,"minecraft:drop":31,"minecraft:play_time":102790,"minecraft:deaths":11,"minecraft:sneak_time":834,"minecraft:walk_under_water_one_cm":795,"minecraft:jump":938,"minecraft:interact_with_blast_furnace":1,"minecraft:walk_on_water_one_cm":6964,"minecraft:total_world_time":102790,"minecraft:interact_with_furnace":10,"minecraft:time_since_rest":24403,"minecraft:damage_taken":4780,"minecraft:trigger_trapped_chest":3,"minecraft:damage_dealt":9004,"minecraft:swim_one_cm":3078,"minecraft:fly_one_cm":237600,"minecraft:open_chest":62,"minecraft:crouch_one_cm":1855,"tombstone:undead_killed":11,"minecraft:fall_one_cm":45854}},"DataVersion":3465}