{"stats":{"minecraft:killed":{"vampirism:vampire":2,"minecraft:cave_spider":3,"alexsmobs:raccoon":1,"minecraft:spider":5,"alexsmobs:tasmanian_devil":1,"minecraft:skeleton":8,"alexsmobs:blue_jay":1,"minecraft:piglin":2,"alexsmobs:grizzly_bear":1,"minecraft:creeper":2,"vampirism:hunter":4,"minecraft:sheep":1,"minecraft:zombie":8,"iceandfire:ghost":3,"alexsmobs:terrapin":2,"alexsmobs:crow":2,"minecraft:enderman":1,"minecraft:cow":1},"minecraft:broken":{"minecraft:chainmail_chestplate":1,"minecraft:stone_axe":1,"minecraft:golden_pickaxe":1},"minecraft:mined":{"minecraft:grass_block":3,"minecraft:spawner":2,"minecraft:fire":4,"minecraft:andesite":1,"minecraft:mossy_stone_brick_stairs":2,"minecraft:vine":1,"minecraft:iron_bars":6,"minecraft:stripped_oak_log":1,"biomesoplenty:barley":3,"minecraft:stone":14,"minecraft:orange_bed":1,"minecraft:crafting_table":2,"minecraft:torch":5,"minecraft:blast_furnace":2,"iceandfire:ghost_chest":2,"minecraft:chest":6,"minecraft:mushroom_stem":5,"minecraft:tall_grass":8,"minecraft:cobblestone":6,"minecraft:sugar_cane":2,"minecraft:oak_planks":3,"minecraft:wall_torch":1,"minecraft:birch_log":18,"minecraft:birch_leaves":1,"biomesoplenty:maple_leaves":1,"minecraft:grass":29,"minecraft:oak_log":102,"minecraft:coal_ore":20,"minecraft:dirt":5,"minecraft:cracked_stone_bricks":1,"minecraft:stone_bricks":1,"minecraft:oak_leaves":21},"minecraft:picked_up":{"minecraft:crafting_table":2,"spartanweaponry:cave_spider_head":1,"minecraft:potion":1,"minecraft:enchanted_book":1,"tombstone:grave_key":1,"minecraft:shield":1,"iceandfire:manuscript":1,"minecraft:string":8,"minecraft:iron_shovel":1,"minecraft:cracked_stone_bricks":1,"minecraft:gold_nugget":4,"minecraft:bucket":1,"minecraft:beef":1,"minecraft:sugar_cane":10,"minecraft:chest":6,"minecraft:birch_sapling":2,"minecraft:stick":8,"iceandfire:ghost_chest":2,"minecraft:copper_ingot":1,"minecraft:torch":6,"mekanismtools:refined_obsidian_shovel":1,"tombstone:grave_dust":5,"spartanweaponry:spider_head":2,"minecraft:orange_bed":1,"botania:white_mystical_flower":1,"minecraft:arrow":6,"minecraft:rotten_flesh":52,"minecraft:mutton":1,"minecraft:iron_bars":13,"mekanismtools:refined_glowstone_boots":1,"minecraft:cobblestone":28,"minecraft:birch_log":18,"minecraft:stripped_oak_log":1,"minecraft:leather_chestplate":2,"spartanweaponry:iron_warhammer":1,"minecraft:feather":2,"minecraft:cooked_beef":8,"minecraft:andesite":1,"minecraft:leather":2,"minecraft:potato":1,"alexsmobs:bear_fur":2,"minecraft:oak_log":124,"minecraft:chainmail_chestplate":1,"minecraft:golden_boots":1,"minecraft:gunpowder":27,"scalinghealth:heart_crystal":2,"minecraft:dirt":8,"minecraft:bone":12,"vampirism:human_heart":3,"minecraft:apple":1,"minecraft:stone_bricks":1,"minecraft:bow":1,"minecraft:wheat_seeds":1,"tombstone:tablet_of_guard":1,"minecraft:oak_planks":3,"scalinghealth:heart_crystal_shard":17,"minecraft:blast_furnace":2,"minecraft:spider_eye":2,"alexsmobs:animal_dictionary":1,"tombstone:scroll_of_mercy":1,"minecraft:emerald":7,"alexsmobs:maggot":1,"minecraft:oak_sapling":21,"minecraft:coal":36},"minecraft:used":{"minecraft:chest":6,"spartanweaponry:iron_halberd":7,"minecraft:shield":5,"minecraft:iron_sword":81,"minecraft:orange_bed":1,"minecraft:torch":50,"cyclic:emerald_sword":39,"minecraft:dirt":8,"scalinghealth:heart_crystal":2,"iceandfire:copper_sword":4,"alexsmobs:maggot":1,"minecraft:birch_sapling":2,"minecraft:iron_helmet":2,"minecraft:bow":1,"tombstone:gift":4,"minecraft:egg":4,"minecraft:cooked_beef":23,"botania:white_mystical_flower":1,"minecraft:stone_pickaxe":43,"minecraft:oak_planks":2,"minecraft:chainmail_helmet":2,"minecraft:cracked_stone_bricks":1,"minecraft:crafting_table":3,"spartanweaponry:spider_head":1,"endrem:rogue_eye":1,"minecraft:bread":1,"minecraft:golden_leggings":1,"minecraft:stone_axe":179,"minecraft:cobblestone":15,"minecraft:potion":1,"alexsmobs:animal_dictionary":1,"minecraft:golden_pickaxe":28,"spartanweaponry:iron_scythe":9,"minecraft:chainmail_leggings":1},"minecraft:custom":{"lootr:looted_stat":26,"minecraft:mob_kills":48,"minecraft:interact_with_crafting_table":24,"minecraft:damage_dealt_resisted":310,"minecraft:leave_game":5,"minecraft:time_since_death":161,"minecraft:climb_one_cm":2022,"minecraft:sprint_one_cm":415907,"minecraft:walk_one_cm":252947,"minecraft:damage_blocked_by_shield":390,"minecraft:drop":44,"minecraft:play_time":113277,"minecraft:deaths":12,"minecraft:sneak_time":1276,"minecraft:walk_under_water_one_cm":795,"minecraft:jump":1085,"minecraft:interact_with_blast_furnace":2,"minecraft:walk_on_water_one_cm":8262,"minecraft:total_world_time":113277,"minecraft:interact_with_furnace":10,"minecraft:time_since_rest":1,"minecraft:damage_taken":5800,"minecraft:trigger_trapped_chest":3,"minecraft:damage_dealt":10645,"minecraft:swim_one_cm":3078,"minecraft:fly_one_cm":293169,"minecraft:open_chest":68,"minecraft:crouch_one_cm":3169,"tombstone:undead_killed":19,"minecraft:fall_one_cm":58307},"minecraft:crafted":{"botania:manasteel_leggings":1,"minecraft:oak_planks":76,"spartanweaponry:iron_scythe":1,"minecraft:stone_pickaxe":1,"minecraft:chest":6,"minecraft:cooked_beef":30,"spartanweaponry:iron_halberd":1,"spartanweaponry:pole":2,"minecraft:crafting_table":2,"spartanweaponry:handle":2,"scalinghealth:heart_crystal":1,"minecraft:stone_axe":2,"minecraft:air":0,"cyclic:emerald_chestplate":1,"minecraft:stick":8,"minecraft:gold_ingot":2,"minecraft:torch":60,"cyclic:emerald_sword":1},"minecraft:dropped":{"minecraft:golden_boots":2,"minecraft:iron_ingot":1,"minecraft:cooked_beef":14,"minecraft:oak_log":106,"minecraft:glass_bottle":1,"minecraft:crafting_table":1,"tombstone:tablet_of_guard":1,"iceandfire:ectoplasm":3,"minecraft:coal":16,"tombstone:grave_key":3,"tombstone:grave_dust":5,"minecraft:potion":1,"minecraft:iron_shovel":1,"minecraft:birch_log":18,"minecraft:bucket":1,"alexsmobs:animal_dictionary":1,"minecraft:rotten_flesh":4,"botania:overgrowth_seed":1,"minecraft:oak_planks":18,"minecraft:leather_chestplate":1,"minecraft:shield":1,"minecraft:leather_leggings":2,"minecraft:iron_bars":9,"minecraft:arrow":4},"minecraft:killed_by":{"minecraft:piglin_brute":1,"minecraft:creeper":2,"mekanismadditions:baby_skeleton":1,"minecraft:skeleton":1,"minecraft:zombie":3,"alexsmobs:grizzly_bear":4}},"DataVersion":3465}