{"stats":{"minecraft:broken":{"minecraft:iron_chestplate":1},"minecraft:killed":{"vampirism:vampire":1,"minecraft:cave_spider":2,"minecraft:spider":3,"minecraft:skeleton":7,"minecraft:pig":1,"minecraft:creeper":1,"minecraft:sheep":4,"minecraft:zombie":13,"alexsmobs:crocodile":1,"minecraft:stray":5,"minecraft:cow":3},"minecraft:crafted":{"minecraft:crafting_table":3,"minecraft:wooden_pickaxe":1,"minecraft:gold_block":12,"scalinghealth:heart_crystal":2,"minecraft:birch_planks":12,"minecraft:stick":4,"minecraft:wooden_axe":1,"minecraft:iron_block":10},"minecraft:used":{"minecraft:granite_stairs":4,"sophisticatedbackpacks:copper_backpack":1,"minecraft:shield":43,"minecraft:iron_sword":78,"minecraft:torch":52,"minecraft:dirt":15,"scalinghealth:heart_crystal":3,"minecraft:carrot":5,"minecraft:granite":2,"minecraft:wooden_axe":1,"minecraft:bricks":4,"biomesoplenty:tall_lavender":3,"minecraft:quartz_block":3,"minecraft:stone_bricks":3,"minecraft:magma_block":1,"tombstone:gift":4,"minecraft:egg":22,"minecraft:cooked_beef":9,"minecraft:potato":13,"tombstone:scroll_of_mercy":2,"minecraft:leather_leggings":1,"minecraft:stone_pickaxe":55,"minecraft:baked_potato":2,"minecraft:oak_planks":33,"tombstone:tablet_of_guard":3,"minecraft:cracked_stone_bricks":2,"minecraft:golden_apple":12,"minecraft:crafting_table":5,"minecraft:red_mushroom":3,"minecraft:diamond_pickaxe":16,"minecraft:apple":17,"minecraft:bread":5,"minecraft:stone_axe":21,"minecraft:diamond_sword":122,"minecraft:cobblestone":3,"minecraft:porkchop":3,"minecraft:cooked_rabbit":1,"alexsmobs:animal_dictionary":3,"minecraft:experience_bottle":38},"minecraft:killed_by":{"minecraft:skeleton":1,"minecraft:zombie":1},"minecraft:mined":{"alltheores:zinc_ore":9,"minecraft:granite":5,"minecraft:grass_block":1,"minecraft:chiseled_stone_bricks":1,"minecraft:spawner":1,"minecraft:magma_block":1,"minecraft:mossy_cobblestone_stairs":1,"biomesoplenty:lavender":1,"minecraft:mossy_stone_brick_stairs":2,"minecraft:bookshelf":1,"minecraft:vine":5,"minecraft:iron_bars":5,"minecraft:stone":15,"minecraft:quartz_block":3,"minecraft:crafting_table":3,"minecraft:torch":6,"minecraft:tall_grass":3,"minecraft:cobblestone":6,"minecraft:oak_planks":9,"minecraft:diorite":6,"minecraft:black_stained_glass":2,"minecraft:birch_log":3,"minecraft:grass":16,"minecraft:dirt":3,"minecraft:cracked_stone_bricks":5,"minecraft:stone_bricks":5,"minecraft:netherrack":1,"minecraft:mossy_stone_bricks":1},"minecraft:dropped":{"minecraft:golden_boots":2,"minecraft:iron_ingot":14,"minecraft:bread":6,"minecraft:iron_sword":1,"minecraft:porkchop":11,"minecraft:lapis_lazuli":4,"minecraft:baked_potato":4,"minecraft:ender_pearl":2,"minecraft:crafting_table":1,"minecraft:iron_helmet":3,"minecraft:cobblestone":9,"scalinghealth:heart_crystal_shard":2,"tombstone:tablet_of_guard":1,"minecraft:cracked_stone_bricks":1,"minecraft:chainmail_helmet":4,"minecraft:stick":20,"minecraft:dirt":8,"tombstone:magic_scroll":2,"minecraft:torch":2,"tombstone:grave_key":3,"minecraft:mutton":1,"minecraft:diamond_helmet":4,"tombstone:grave_dust":5,"minecraft:iron_leggings":2,"minecraft:iron_axe":4,"minecraft:granite_stairs":10,"minecraft:chainmail_leggings":2,"minecraft:iron_shovel":1,"minecraft:string":1,"spartanweaponry:iron_battle_hammer":1,"minecraft:bone":71,"minecraft:bricks":4,"alexsmobs:crocodile_scute":1,"alexsmobs:maggot":3,"minecraft:golden_chestplate":1,"alexsmobs:animal_dictionary":2,"vampirism:obi_belt":1,"minecraft:experience_bottle":25,"minecraft:rotten_flesh":2,"minecraft:clay_ball":5,"minecraft:iron_boots":2,"minecraft:chainmail_chestplate":2,"minecraft:leather_chestplate":1,"minecraft:potato":1,"minecraft:tipped_arrow":1,"minecraft:shield":1,"vampirism:vampire_fang":1,"botania:lexicon":1,"minecraft:leather_leggings":8,"minecraft:spider_eye":6,"minecraft:stone_bricks":3,"tombstone:essence_of_undeath":3,"minecraft:arrow":6,"minecraft:stone_pickaxe":2,"botania:black_lotus":3,"minecraft:egg":1},"minecraft:picked_up":{"minecraft:crafting_table":4,"minecraft:iron_chestplate":1,"minecraft:leather_leggings":10,"tombstone:grave_key":4,"minecraft:shield":2,"minecraft:string":2,"minecraft:iron_axe":4,"minecraft:iron_leggings":1,"biomesoplenty:tall_lavender":3,"minecraft:iron_shovel":2,"minecraft:experience_bottle":31,"vampirism:obi_belt":1,"minecraft:cracked_stone_bricks":5,"minecraft:gold_nugget":24,"minecraft:beef":3,"minecraft:egg":3,"minecraft:iron_boots":2,"minecraft:tipped_arrow":3,"botania:lexicon":1,"minecraft:stick":20,"alltheores:raw_zinc":9,"minecraft:torch":11,"minecraft:porkchop":11,"iceandfire:rotten_egg":1,"minecraft:diorite":6,"tombstone:grave_dust":6,"vampirism:vampire_fang":1,"minecraft:golden_chestplate":2,"alexsmobs:crocodile_scute":1,"minecraft:quartz_block":4,"botania:manasteel_ingot":3,"minecraft:arrow":7,"minecraft:rotten_flesh":7,"minecraft:diamond_boots":1,"tombstone:essence_of_undeath":3,"sophisticatedbackpacks:copper_backpack":1,"minecraft:mutton":7,"minecraft:skeleton_skull":3,"minecraft:white_wool":4,"minecraft:cobblestone":19,"biomesoplenty:lavender":1,"minecraft:birch_log":3,"minecraft:magma_block":1,"minecraft:leather_chestplate":1,"minecraft:cooked_beef":8,"minecraft:leather":2,"minecraft:granite_stairs":14,"minecraft:chainmail_chestplate":1,"minecraft:golden_boots":3,"scalinghealth:heart_crystal":1,"minecraft:dirt":23,"minecraft:leather_boots":1,"minecraft:bone":22,"minecraft:stone_bricks":8,"minecraft:bow":2,"minecraft:wheat_seeds":2,"tombstone:tablet_of_guard":1,"minecraft:iron_ingot":14,"minecraft:stone_pickaxe":1,"scalinghealth:power_crystal_shard":5,"minecraft:mossy_stone_bricks":1,"minecraft:diamond_helmet":4,"minecraft:oak_planks":6,"scalinghealth:heart_crystal_shard":36,"minecraft:chiseled_stone_bricks":1,"minecraft:spider_eye":8,"alexsmobs:animal_dictionary":2,"spartanweaponry:iron_battle_hammer":2,"minecraft:chainmail_leggings":2,"minecraft:iron_helmet":3,"minecraft:granite":5,"minecraft:bread":3,"minecraft:chainmail_helmet":4,"scalinghealth:cursed_heart":3,"alexsmobs:maggot":4,"tombstone:magic_scroll":3,"minecraft:bricks":8,"minecraft:ender_pearl":2},"minecraft:custom":{"lootr:looted_stat":87,"minecraft:mob_kills":41,"minecraft:interact_with_crafting_table":10,"minecraft:open_barrel":8,"minecraft:damage_dealt_resisted":22,"minecraft:leave_game":3,"minecraft:time_since_death":54522,"minecraft:climb_one_cm":5676,"minecraft:sprint_one_cm":613895,"minecraft:walk_one_cm":237766,"minecraft:damage_blocked_by_shield":1647,"minecraft:drop":106,"minecraft:damage_dealt_absorbed":120,"minecraft:play_time":107261,"minecraft:deaths":2,"minecraft:sneak_time":1847,"minecraft:walk_under_water_one_cm":3325,"minecraft:interact_with_lectern":1,"minecraft:jump":1250,"minecraft:interact_with_blast_furnace":2,"minecraft:walk_on_water_one_cm":16123,"minecraft:total_world_time":107261,"minecraft:interact_with_furnace":1,"vampirism:interact_with_research_table":4,"vampirism:interact_with_garlic_diffuser":1,"minecraft:time_since_rest":53878,"minecraft:damage_absorbed":306,"minecraft:damage_taken":3765,"tombstone:sneak_grave":9,"minecraft:damage_dealt":8009,"minecraft:swim_one_cm":30313,"minecraft:fly_one_cm":264553,"minecraft:open_chest":30,"minecraft:crouch_one_cm":2323,"tombstone:undead_killed":25,"minecraft:fall_one_cm":38385}},"DataVersion":3465}