{"stats":{"minecraft:mined":{"minecraft:red_nether_brick_slab":1,"minecraft:mangrove_stairs":1,"minecraft:dark_oak_trapdoor":1,"minecraft:red_nether_bricks":5,"minecraft:oak_log":11,"minecraft:smooth_quartz_stairs":2,"minecraft:stripped_mangrove_wood":1,"minecraft:oak_planks":1},"minecraft:picked_up":{"minecraft:stripped_mangrove_wood":1,"minecraft:oak_log":11,"minecraft:dark_oak_trapdoor":1,"minecraft:red_nether_bricks":5,"minecraft:arrow":2,"minecraft:bone":1,"minecraft:red_nether_brick_slab":1,"minecraft:oak_sapling":2,"minecraft:oak_planks":1,"minecraft:smooth_quartz_stairs":2},"minecraft:custom":{"minecraft:time_since_rest":53,"minecraft:sprint_one_cm":58460,"minecraft:damage_taken":1021,"minecraft:walk_one_cm":40705,"minecraft:damage_blocked_by_shield":950,"minecraft:drop":1,"minecraft:damage_dealt":150,"minecraft:swim_one_cm":713,"minecraft:interact_with_crafting_table":3,"minecraft:fly_one_cm":27485,"minecraft:crouch_one_cm":1039,"minecraft:play_time":14280,"minecraft:deaths":3,"minecraft:sneak_time":285,"minecraft:walk_under_water_one_cm":207,"minecraft:jump":199,"minecraft:interact_with_blast_furnace":1,"minecraft:time_since_death":2452,"minecraft:walk_on_water_one_cm":1355,"minecraft:total_world_time":14280,"minecraft:climb_one_cm":7261,"minecraft:fall_one_cm":3561},"minecraft:dropped":{"spartanweaponry:wooden_boomerang":1},"minecraft:crafted":{"minecraft:oak_planks":44,"spartanweaponry:wooden_boomerang":2,"minecraft:stick":24,"minecraft:wooden_pickaxe":1,"spartanshields:wooden_tower_shield":1,"minecraft:wooden_axe":1,"vampirism:stake":1},"minecraft:killed_by":{"minecraft:husk":1,"vampirism:hunter":1,"alexsmobs:grizzly_bear":1},"minecraft:used":{"minecraft:wooden_axe":13,"spartanshields:wooden_tower_shield":6,"minecraft:oak_planks":5,"minecraft:wooden_pickaxe":10,"spartanweaponry:wooden_boomerang":4}},"DataVersion":3465}