{"stats":{"minecraft:broken":{"mekanismtools:osmium_boots":1,"spartanshields:wooden_tower_shield":1,"minecraft:iron_pickaxe":1,"minecraft:wooden_axe":1},"minecraft:killed":{"minecraft:cave_spider":2,"alexsmobs:raccoon":1,"minecraft:skeleton":5,"alexsmobs:blue_jay":1,"minecraft:chicken":14,"minecraft:drowned":1,"minecraft:husk":1,"minecraft:pig":1,"minecraft:creeper":1,"vampirism:hunter":1,"minecraft:sheep":1,"minecraft:goat":1,"minecraft:zombie":7,"minecraft:stray":10,"minecraft:wither_skeleton":1,"minecraft:cow":3},"minecraft:crafted":{"minecraft:oak_planks":68,"spartanshields:wooden_tower_shield":1,"spartanweaponry:wooden_boomerang":2,"minecraft:chest":1,"vampirism:stake":1,"sophisticatedbackpacks:backpack":1,"minecraft:diamond_axe":1,"minecraft:wooden_pickaxe":1,"minecraft:stick":76,"minecraft:wooden_axe":1,"minecraft:torch":16,"tombstone:bone_needle":1},"minecraft:used":{"minecraft:beetroot":5,"minecraft:shield":35,"minecraft:iron_sword":153,"minecraft:cooked_chicken":9,"minecraft:iron_chestplate":7,"minecraft:torch":13,"tombstone:scroll_of_preservation":3,"minecraft:dirt":15,"scalinghealth:heart_crystal":10,"minecraft:carrot":8,"minecraft:diamond_helmet":1,"minecraft:golden_shovel":16,"minecraft:wooden_axe":35,"spartanweaponry:diamond_spear":3,"spartanshields:wooden_tower_shield":8,"minecraft:iron_helmet":1,"minecraft:stone_brick_stairs":1,"tombstone:gift":6,"minecraft:egg":4,"minecraft:cooked_beef":6,"minecraft:potato":5,"minecraft:iron_leggings":1,"minecraft:water_bucket":5,"minecraft:red_nether_bricks":7,"minecraft:oak_planks":45,"minecraft:wooden_pickaxe":13,"minecraft:leather_chestplate":1,"minecraft:diamond_axe":8,"minecraft:cracked_stone_bricks":2,"minecraft:golden_apple":18,"minecraft:tnt":4,"minecraft:mushroom_stew":1,"mekanismtools:steel_shovel":19,"vampirism:stake":7,"tombstone:tablet_of_home":2,"tombstone:bag_of_seeds":1,"minecraft:diamond_pickaxe":17,"minecraft:apple":12,"minecraft:bread":8,"minecraft:iron_pickaxe":250,"spartanweaponry:wooden_boomerang":9,"minecraft:diamond_sword":87,"minecraft:cobblestone":31,"minecraft:potion":1,"minecraft:cooked_porkchop":1,"minecraft:bucket":6,"minecraft:pumpkin_pie":4,"minecraft:air":1,"minecraft:chainmail_leggings":3,"minecraft:experience_bottle":4},"minecraft:killed_by":{"minecraft:husk":5,"mekanismadditions:baby_skeleton":1,"minecraft:skeleton":2,"minecraft:zombie":1,"alexsmobs:grizzly_bear":2,"iceandfire:ghost":1,"vampirism:hunter":1,"iceandfire:fire_dragon":2},"minecraft:mined":{"minecraft:red_nether_brick_slab":1,"minecraft:red_nether_bricks":7,"minecraft:grass_block":2,"minecraft:dark_oak_trapdoor":1,"minecraft:fire":6,"alltheores:aluminum_ore":40,"minecraft:smooth_quartz_stairs":2,"minecraft:stone":227,"minecraft:stripped_mangrove_wood":1,"minecraft:player_head":1,"minecraft:mangrove_stairs":1,"minecraft:crafting_table":1,"minecraft:torch":1,"minecraft:tall_grass":4,"biomesoplenty:sprout":3,"minecraft:cyan_bed":1,"minecraft:oak_planks":5,"minecraft:wall_torch":4,"minecraft:grass":10,"minecraft:oak_log":18,"minecraft:coal_ore":1,"minecraft:dirt":10,"minecraft:gray_carpet":4,"minecraft:oak_leaves":4},"minecraft:dropped":{"minecraft:iron_sword":3,"spartanweaponry:simple_handle":2,"minecraft:stripped_mangrove_wood":3,"minecraft:wheat_seeds":4,"minecraft:smooth_quartz_stairs":4,"minecraft:feather":16,"minecraft:iron_helmet":1,"scalinghealth:heart_crystal_shard":21,"minecraft:leather":6,"minecraft:chainmail_helmet":1,"alexsmobs:bison_fur":2,"minecraft:emerald":4,"spartanweaponry:wooden_boomerang":1,"minecraft:dirt":3,"scalinghealth:heart_crystal":4,"tombstone:grave_key":7,"minecraft:zombie_head":1,"minecraft:diamond_helmet":1,"minecraft:fire_charge":1,"minecraft:potion":1,"minecraft:iron_leggings":1,"tombstone:bone_needle":1,"minecraft:pumpkin_pie":1,"minecraft:glistering_melon_slice":3,"minecraft:granite_stairs":4,"minecraft:chainmail_leggings":5,"minecraft:string":3,"minecraft:bucket":2,"minecraft:dandelion":1,"minecraft:bone":12,"minecraft:cooked_chicken":1,"minecraft:bowl":2,"minecraft:rotten_flesh":88,"scalinghealth:power_crystal_shard":1,"minecraft:poppy":1,"minecraft:leather_chestplate":1,"minecraft:tipped_arrow":3,"minecraft:shield":2,"vampirism:vampire_fang":3,"minecraft:iron_chestplate":4,"minecraft:leather_leggings":1,"minecraft:bamboo":4,"minecraft:bow":1,"minecraft:egg":6},"minecraft:picked_up":{"minecraft:crafting_table":1,"minecraft:iron_chestplate":3,"minecraft:allium":2,"iceandfire:witherbone":1,"minecraft:leather_leggings":1,"minecraft:diamond_sword":1,"minecraft:potion":1,"minecraft:enchanted_book":1,"minecraft:stone_brick_stairs":1,"tombstone:grave_key":6,"minecraft:shield":4,"minecraft:string":8,"minecraft:dark_oak_trapdoor":1,"minecraft:red_nether_bricks":7,"minecraft:iron_leggings":1,"minecraft:zombie_head":1,"minecraft:cracked_stone_bricks":3,"bosses_of_mass_destruction:soul_star":2,"minecraft:poppy":1,"minecraft:coal_block":1,"minecraft:birch_sapling":5,"minecraft:smooth_quartz_stairs":4,"minecraft:egg":10,"minecraft:tipped_arrow":3,"minecraft:stick":13,"minecraft:stripped_mangrove_wood":3,"minecraft:torch":10,"minecraft:bowl":1,"minecraft:fire_charge":1,"tombstone:grave_dust":20,"vampirism:vampire_fang":3,"minecraft:tnt":4,"minecraft:arrow":28,"minecraft:rotten_flesh":91,"minecraft:pumpkin_pie":2,"minecraft:nether_bricks":2,"mekanismtools:steel_shovel":1,"tombstone:essence_of_undeath":3,"minecraft:cobblestone":238,"minecraft:leather_chestplate":1,"minecraft:feather":33,"minecraft:cooked_beef":5,"minecraft:lilac":1,"minecraft:water_bucket":1,"minecraft:leather":10,"minecraft:potato":2,"alexsmobs:bison_fur":2,"minecraft:granite_stairs":3,"minecraft:oak_log":17,"minecraft:chainmail_chestplate":1,"minecraft:gunpowder":2,"scalinghealth:heart_crystal":14,"minecraft:lapis_lazuli":4,"minecraft:dirt":20,"tombstone:gift":1,"minecraft:bone":28,"minecraft:gray_carpet":3,"minecraft:bow":1,"minecraft:wheat_seeds":5,"minecraft:cooked_chicken":10,"scalinghealth:power_crystal_shard":1,"tombstone:bag_of_seeds":1,"minecraft:diamond_helmet":1,"minecraft:bamboo":4,"minecraft:iron_sword":4,"minecraft:oak_planks":11,"minecraft:polished_andesite_stairs":1,"scalinghealth:heart_crystal_shard":21,"minecraft:cooked_porkchop":1,"spartanweaponry:simple_handle":3,"minecraft:dandelion":1,"minecraft:cyan_bed":1,"minecraft:spider_eye":1,"minecraft:bundle":2,"mekanismtools:osmium_boots":1,"alltheores:raw_aluminum":40,"minecraft:chainmail_leggings":4,"minecraft:iron_helmet":1,"minecraft:chainmail_helmet":1,"minecraft:red_nether_brick_slab":1,"tombstone:magic_scroll":3,"minecraft:oak_sapling":14,"minecraft:netherrack":1,"minecraft:coal":2},"minecraft:custom":{"lootr:looted_stat":67,"minecraft:interact_with_anvil":2,"minecraft:mob_kills":68,"minecraft:interact_with_crafting_table":17,"minecraft:leave_game":2,"minecraft:time_since_death":26513,"minecraft:climb_one_cm":10070,"minecraft:sprint_one_cm":814069,"minecraft:walk_one_cm":487014,"minecraft:damage_blocked_by_shield":3542,"minecraft:drop":89,"minecraft:damage_dealt_absorbed":11,"minecraft:play_time":198083,"minecraft:sneak_time":4651,"minecraft:deaths":16,"minecraft:walk_under_water_one_cm":2905,"minecraft:jump":2513,"minecraft:interact_with_blast_furnace":1,"minecraft:walk_on_water_one_cm":18012,"minecraft:total_world_time":198083,"spartanshields:shield_bash_hits":10,"minecraft:time_since_rest":25136,"minecraft:damage_taken":11218,"minecraft:damage_absorbed":502,"minecraft:damage_dealt":8946,"tombstone:cast_on_ally":2,"minecraft:swim_one_cm":24020,"minecraft:fly_one_cm":663435,"minecraft:open_chest":10,"minecraft:crouch_one_cm":10577,"tombstone:undead_killed":25,"minecraft:fall_one_cm":118019,"minecraft:use_cauldron":1}},"DataVersion":3465}