{"stats":{"minecraft:crafted":{"minecraft:oak_door":3,"minecraft:oak_planks":288,"minecraft:stone_shovel":5,"iceandfire:silver_ingot":5,"minecraft:oak_pressure_plate":2,"spartanshields:wooden_tower_shield":2,"spartanweaponry:wooden_club":1,"spartanweaponry:stone_dagger":1,"minecraft:furnace":6,"spartanweaponry:stone_throwing_knife":1,"minecraft:birch_planks":4,"minecraft:stone_axe":2,"minecraft:oak_trapdoor":2,"spartanweaponry:simple_handle":2,"spartanweaponry:wooden_boomerang":1,"minecraft:stick":76,"minecraft:stone_pickaxe":2,"minecraft:oak_stairs":68,"minecraft:chest":12,"vampirism:stake":1,"minecraft:torch":44,"spartanweaponry:stone_boomerang":1},"minecraft:killed_by":{"vampirism:advanced_vampire":1},"minecraft:killed":{"vampirism:vampire":3,"vampirism:advanced_vampire":1,"minecraft:sheep":1,"minecraft:skeleton":1,"alexsmobs:crow":1},"minecraft:picked_up":{"minecraft:birch_log":51,"minecraft:feather":1,"minecraft:crafting_table":3,"vampirism:vampire_blood_bottle":3,"minecraft:leather":2,"spartanweaponry:wooden_club":1,"minecraft:black_bed":3,"minecraft:oak_stairs":6,"minecraft:oak_log":60,"minecraft:dirt":590,"minecraft:string":1,"minecraft:oak_trapdoor":2,"minecraft:raw_copper":23,"minecraft:cooked_mutton":2,"minecraft:wheat_seeds":2,"minecraft:gold_nugget":5,"minecraft:beef":2,"minecraft:iron_pickaxe":2,"minecraft:light_gray_wool":1,"minecraft:chest":1,"minecraft:birch_sapling":17,"spartanweaponry:stone_dagger":1,"minecraft:iron_boots":1,"minecraft:furnace":5,"minecraft:book":99,"minecraft:stick":97,"minecraft:stone":1,"minecraft:oak_door":5,"spartanweaponry:simple_handle":2,"minecraft:torch":84,"minecraft:oak_pressure_plate":7,"minecraft:gravel":2,"spartanshields:wooden_tower_shield":1,"minecraft:porkchop":1,"minecraft:diorite":2,"vampirism:vampire_fang":2,"vampirism:blood_bottle":1,"minecraft:stone_shovel":1,"minecraft:rotten_flesh":10,"minecraft:stone_axe":1,"minecraft:gray_wool":1,"minecraft:gold_ingot":9,"minecraft:bread":34,"minecraft:oak_sapling":18,"minecraft:mutton":5,"minecraft:coal":29,"minecraft:white_wool":2,"iceandfire:raw_silver":6,"minecraft:cobblestone":309},"minecraft:custom":{"minecraft:interact_with_furnace":19,"lootr:looted_stat":1,"minecraft:mob_kills":14,"minecraft:interact_with_crafting_table":48,"minecraft:tune_noteblock":5,"minecraft:damage_dealt_resisted":86,"minecraft:leave_game":4,"minecraft:time_since_death":111006,"minecraft:sleep_in_bed":1,"minecraft:climb_one_cm":21566,"minecraft:time_since_rest":111109,"vampirism:amount_bitten":17,"minecraft:sprint_one_cm":228160,"minecraft:damage_taken":1022,"minecraft:walk_one_cm":471622,"minecraft:damage_blocked_by_shield":60,"minecraft:drop":35,"minecraft:damage_dealt":494,"vampirism:skills_unlocked":1,"minecraft:swim_one_cm":12945,"minecraft:fly_one_cm":91186,"minecraft:open_chest":44,"minecraft:crouch_one_cm":575,"minecraft:play_time":136132,"minecraft:sneak_time":250,"minecraft:deaths":1,"minecraft:walk_under_water_one_cm":3261,"minecraft:jump":1347,"minecraft:walk_on_water_one_cm":4266,"minecraft:total_world_time":136132,"vampirism:blood_drunk":2700,"minecraft:fall_one_cm":21382},"minecraft:broken":{"minecraft:stone_pickaxe":1,"minecraft:stone_axe":1,"minecraft:stone_shovel":4},"minecraft:mined":{"iceandfire:silver_ore":6,"minecraft:oak_door":5,"minecraft:torch":18,"minecraft:crafting_table":3,"minecraft:grass_block":248,"minecraft:chest":1,"minecraft:oak_pressure_plate":7,"minecraft:copper_ore":7,"minecraft:cobblestone":3,"minecraft:diorite":2,"minecraft:wall_torch":39,"minecraft:oak_trapdoor":2,"minecraft:furnace":5,"minecraft:birch_log":34,"minecraft:birch_leaves":34,"minecraft:black_bed":3,"minecraft:grass":6,"minecraft:bookshelf":11,"minecraft:oak_log":60,"minecraft:coal_ore":10,"minecraft:oak_stairs":6,"minecraft:gravel":2,"minecraft:dirt":364,"minecraft:stone":239,"minecraft:oak_leaves":93},"minecraft:used":{"minecraft:oak_trapdoor":2,"minecraft:stone_shovel":572,"minecraft:stone_pickaxe":212,"minecraft:chest":13,"minecraft:oak_door":6,"minecraft:torch":102,"minecraft:dirt":542,"minecraft:crafting_table":3,"minecraft:black_bed":2,"spartanshields:wooden_tower_shield":1,"spartanweaponry:stone_dagger":17,"minecraft:oak_stairs":74,"minecraft:bread":11,"minecraft:iron_pickaxe":72,"minecraft:oak_pressure_plate":9,"minecraft:iron_boots":1,"spartanweaponry:wooden_boomerang":24,"minecraft:stone_axe":149,"minecraft:cobblestone":12,"spartanweaponry:stone_throwing_knife":39,"minecraft:furnace":11,"minecraft:birch_log":1,"alexsmobs:animal_dictionary":2,"minecraft:air":6},"minecraft:dropped":{"minecraft:enchanted_book":1,"minecraft:bread":16,"spartanweaponry:simple_handle":2,"minecraft:porkchop":1,"minecraft:cobblestone":9,"minecraft:book":99,"spartanweaponry:stone_throwing_knife":1,"minecraft:stick":55,"vampirism:vampire_blood_bottle":2,"vampirism:vampire_fang":1,"minecraft:torch":12,"spartanshields:wooden_tower_shield":2,"minecraft:oak_sapling":3,"minecraft:iron_pickaxe":1,"minecraft:birch_log":46}},"DataVersion":3465}