{"stats":{"minecraft:killed":{"minecraft:cave_spider":2,"minecraft:skeleton":6,"minecraft:chicken":14,"minecraft:pig":1,"minecraft:creeper":2,"vampirism:hunter":1,"minecraft:sheep":1,"minecraft:goat":1,"minecraft:zombie":17,"minecraft:stray":10,"minecraft:cow":3,"alexsmobs:raccoon":1,"alexsmobs:blue_jay":1,"minecraft:drowned":1,"minecraft:husk":1,"minecraft:wither_skeleton":1,"minecraft:villager":1},"minecraft:dropped":{"minecraft:iron_sword":3,"spartanweaponry:simple_handle":2,"minecraft:stripped_mangrove_wood":3,"minecraft:oak_log":2,"minecraft:glass_bottle":15,"minecraft:leather":6,"minecraft:saddle":1,"alexsmobs:bison_fur":2,"minecraft:emerald":4,"minecraft:dirt":3,"tombstone:bone_needle":1,"minecraft:pumpkin_pie":1,"minecraft:glistering_melon_slice":3,"minecraft:gold_ingot":2,"minecraft:bone":12,"minecraft:cooked_chicken":1,"minecraft:wheat":1,"minecraft:obsidian":7,"minecraft:rotten_flesh":132,"minecraft:oak_planks":9,"minecraft:cooked_mutton":2,"minecraft:poppy":1,"minecraft:leather_chestplate":1,"minecraft:tipped_arrow":3,"vampirism:vampire_fang":3,"minecraft:leather_leggings":1,"minecraft:egg":6,"minecraft:stone_hoe":1,"minecraft:wheat_seeds":24,"minecraft:lilac":2,"minecraft:smooth_quartz_stairs":4,"minecraft:cobblestone":21,"minecraft:oak_fence":1,"minecraft:feather":16,"minecraft:iron_helmet":1,"scalinghealth:heart_crystal_shard":21,"minecraft:chainmail_helmet":1,"spartanweaponry:wooden_boomerang":1,"vampirism:purified_garlic":2,"scalinghealth:heart_crystal":4,"tombstone:grave_key":7,"minecraft:zombie_head":1,"minecraft:diamond_helmet":1,"minecraft:potion":3,"minecraft:fire_charge":1,"minecraft:iron_leggings":1,"minecraft:oak_stairs":2,"minecraft:granite_stairs":4,"minecraft:chainmail_leggings":6,"minecraft:iron_shovel":1,"minecraft:string":3,"minecraft:bucket":2,"minecraft:dandelion":1,"minecraft:bowl":2,"minecraft:composter":1,"scalinghealth:power_crystal_shard":1,"minecraft:flint_and_steel":1,"minecraft:shield":2,"minecraft:allium":4,"minecraft:iron_chestplate":4,"minecraft:oak_sapling":38,"minecraft:bamboo":4,"minecraft:spruce_log":4,"minecraft:bow":2},"minecraft:custom":{"lootr:looted_stat":78,"minecraft:interact_with_crafting_table":67,"minecraft:open_barrel":3,"minecraft:leave_game":6,"minecraft:time_since_death":104995,"minecraft:sprint_one_cm":1347841,"minecraft:damage_blocked_by_shield":3905,"minecraft:drop":172,"minecraft:talked_to_villager":6,"minecraft:play_time":425056,"minecraft:deaths":22,"minecraft:jump":4149,"minecraft:walk_on_water_one_cm":27193,"minecraft:interact_with_furnace":14,"vampirism:interact_with_research_table":2,"minecraft:sleep_in_bed":3,"minecraft:damage_dealt":14582,"minecraft:crouch_one_cm":42897,"tombstone:undead_killed":41,"tombstone:villager_killed":1,"minecraft:use_cauldron":1,"minecraft:mob_kills":94,"minecraft:interact_with_anvil":2,"minecraft:climb_one_cm":12357,"minecraft:walk_one_cm":1227853,"minecraft:damage_dealt_absorbed":11,"minecraft:sneak_time":16487,"minecraft:walk_under_water_one_cm":10449,"minecraft:interact_with_blast_furnace":1,"minecraft:total_world_time":425056,"spartanshields:shield_bash_hits":12,"tombstone:raider_killed":8,"vampirism:interact_with_garlic_diffuser":1,"minecraft:time_since_rest":15106,"minecraft:damage_taken":18243,"minecraft:damage_absorbed":502,"minecraft:trigger_trapped_chest":3,"tombstone:cast_on_ally":2,"minecraft:swim_one_cm":48220,"minecraft:fly_one_cm":1055779,"minecraft:open_chest":48,"minecraft:fall_one_cm":255532},"minecraft:killed_by":{"mekanismadditions:baby_skeleton":1,"minecraft:zombie":2,"alexsmobs:grizzly_bear":2,"vampirism:hunter":1,"minecraft:husk":5,"minecraft:skeleton":2},"minecraft:crafted":{"minecraft:oak_planks":372,"spartanshields:wooden_tower_shield":1,"minecraft:cobblestone_stairs":56,"minecraft:glass":86,"minecraft:chest":9,"vampirism:stake":1,"minecraft:oak_fence":87,"scalinghealth:power_crystal":1,"sophisticatedbackpacks:backpack":1,"minecraft:diamond_axe":1,"minecraft:crafting_table":1,"minecraft:wooden_pickaxe":1,"minecraft:stick":104,"minecraft:gold_ingot":18,"minecraft:oak_door":3,"alltheores:aluminum_ingot":62,"minecraft:iron_nugget":9,"minecraft:furnace":1,"minecraft:lantern":2,"spartanweaponry:wooden_boomerang":2,"minecraft:wheat":99,"sophisticatedbackpacks:iron_backpack":1,"minecraft:enchanting_table":1,"sophisticatedbackpacks:gold_backpack":1,"minecraft:bread":9,"minecraft:oak_fence_gate":2,"minecraft:wooden_axe":1,"minecraft:oak_stairs":52,"minecraft:torch":44,"tombstone:bone_needle":1},"minecraft:picked_up":{"minecraft:iron_chestplate":3,"minecraft:wheat":181,"minecraft:sentry_armor_trim_smithing_template":2,"minecraft:diamond_sword":1,"minecraft:oak_stairs":23,"minecraft:potion":7,"minecraft:enchanted_book":1,"minecraft:stone_brick_stairs":1,"tombstone:grave_key":6,"minecraft:string":8,"minecraft:dark_oak_trapdoor":1,"alexsmobs:ancient_dart":1,"minecraft:red_nether_bricks":7,"minecraft:iron_leggings":1,"minecraft:zombie_head":1,"minecraft:beetroot":29,"vampirism:obi_belt":1,"minecraft:gold_nugget":5,"bosses_of_mass_destruction:soul_star":2,"minecraft:bucket":1,"minecraft:coal_block":1,"minecraft:smooth_quartz_stairs":4,"minecraft:tipped_arrow":3,"minecraft:stick":26,"minecraft:composter":2,"minecraft:oak_fence":14,"minecraft:torch":52,"minecraft:porkchop":4,"vampirism:holy_water_bottle_enhanced":7,"tombstone:grave_dust":20,"vampirism:vampire_fang":3,"minecraft:cauldron":3,"vampirism:blood_bottle":1,"minecraft:rotten_flesh":173,"vampirism:purified_garlic":2,"mekanismtools:steel_shovel":1,"minecraft:leather_horse_armor":2,"minecraft:obsidian":26,"minecraft:iron_bars":9,"minecraft:cobblestone":1406,"minecraft:birch_log":18,"minecraft:enchanting_table":1,"minecraft:leather_chestplate":2,"spartanweaponry:iron_warhammer":1,"minecraft:cooked_beef":5,"minecraft:feather":33,"minecraft:lilac":2,"spartanweaponry:handle":2,"minecraft:water_bucket":1,"minecraft:andesite":1,"minecraft:potato":25,"alexsmobs:bison_fur":2,"alexsmobs:bear_fur":2,"minecraft:flint":2,"minecraft:lapis_lazuli":4,"minecraft:dirt":572,"minecraft:lantern":3,"minecraft:glass":11,"minecraft:bone":80,"minecraft:bow":3,"spartanweaponry:iron_greatsword":1,"minecraft:wheat_seeds":589,"minecraft:diamond_helmet":1,"minecraft:bamboo":7,"minecraft:stone_hoe":2,"minecraft:oak_planks":52,"minecraft:cooked_porkchop":1,"minecraft:music_disc_13":1,"spartanweaponry:simple_handle":3,"minecraft:sand":87,"minecraft:cyan_bed":1,"minecraft:fermented_spider_eye":2,"alexsmobs:animal_dictionary":1,"minecraft:bundle":2,"alltheores:raw_aluminum":102,"minecraft:chainmail_helmet":1,"minecraft:oak_sapling":84,"minecraft:netherrack":6,"minecraft:crafting_table":1,"minecraft:allium":4,"minecraft:leather_leggings":1,"minecraft:brown_mushroom":6,"biomesoplenty:flesh":3,"minecraft:wooden_pickaxe":2,"minecraft:gold_block":1,"minecraft:brick":4,"minecraft:shield":4,"minecraft:flint_and_steel":2,"minecraft:iron_shovel":4,"minecraft:cracked_stone_bricks":3,"minecraft:poppy":1,"minecraft:iron_nugget":15,"minecraft:minecart":1,"minecraft:birch_sapling":5,"minecraft:phantom_membrane":7,"minecraft:egg":10,"minecraft:raw_iron":18,"minecraft:stripped_mangrove_wood":3,"alltheores:raw_zinc":9,"minecraft:bowl":12,"minecraft:fire_charge":1,"minecraft:carrot":78,"botania:overgrowth_seed":1,"botania:black_lotus":1,"minecraft:tnt":4,"minecraft:arrow":49,"minecraft:pumpkin_pie":2,"minecraft:beetroot_seeds":46,"minecraft:nether_bricks":2,"minecraft:hay_block":11,"minecraft:gold_ingot":1,"minecraft:saddle":2,"tombstone:essence_of_undeath":3,"minecraft:white_wool":1,"minecraft:skeleton_skull":5,"minecraft:rail":32,"minecraft:lime_bed":1,"minecraft:leather":10,"minecraft:granite_stairs":3,"minecraft:oak_log":158,"minecraft:chainmail_chestplate":1,"scalinghealth:bandages":1,"minecraft:gunpowder":7,"scalinghealth:heart_crystal":14,"minecraft:paper":7,"tombstone:gift":1,"minecraft:cooked_mutton":2,"minecraft:stone_bricks":28,"minecraft:apple":2,"minecraft:gray_carpet":3,"minecraft:wild_armor_trim_smithing_template":2,"minecraft:rabbit_hide":2,"minecraft:cooked_chicken":11,"minecraft:cobweb":8,"scalinghealth:power_crystal_shard":17,"tombstone:bag_of_seeds":1,"minecraft:glass_bottle":45,"minecraft:iron_sword":4,"minecraft:polished_andesite_stairs":1,"scalinghealth:heart_crystal_shard":21,"minecraft:dandelion":1,"minecraft:gravel":1,"minecraft:spruce_log":17,"mekanism:raw_osmium":6,"minecraft:spider_eye":9,"mekanismtools:osmium_boots":1,"minecraft:chainmail_leggings":5,"minecraft:iron_helmet":1,"minecraft:warped_roots":2,"minecraft:red_nether_brick_slab":1,"tombstone:magic_scroll":3,"minecraft:coal":121},"minecraft:mined":{"minecraft:red_nether_brick_slab":1,"minecraft:farmland":43,"minecraft:red_nether_bricks":7,"minecraft:obsidian":12,"minecraft:grass_block":351,"minecraft:dark_oak_trapdoor":1,"minecraft:iron_ore":18,"minecraft:fire":7,"minecraft:enchanting_table":1,"minecraft:oak_stairs":21,"minecraft:stripped_mangrove_wood":1,"minecraft:player_head":1,"mekanism:osmium_ore":6,"minecraft:torch":25,"minecraft:cobblestone":122,"minecraft:cyan_bed":1,"minecraft:oak_planks":36,"minecraft:wall_torch":18,"minecraft:skeleton_skull":5,"minecraft:wheat":231,"minecraft:grass":30,"minecraft:oak_log":93,"minecraft:beetroots":16,"minecraft:sand":98,"minecraft:dirt":155,"minecraft:netherrack":5,"minecraft:oak_leaves":74,"biomesoplenty:bush":34,"minecraft:hay_block":11,"minecraft:carrots":23,"minecraft:gold_block":1,"minecraft:potatoes":6,"minecraft:vine":1,"minecraft:lantern":3,"minecraft:smooth_quartz_stairs":2,"alltheores:aluminum_ore":102,"minecraft:stone":460,"minecraft:mangrove_stairs":1,"minecraft:glass_pane":2,"minecraft:oak_fence":12,"minecraft:crafting_table":1,"minecraft:tall_grass":4,"biomesoplenty:sprout":3,"minecraft:lime_bed":1,"minecraft:spruce_log":13,"minecraft:coal_ore":104,"minecraft:gravel":1,"minecraft:gray_carpet":4},"minecraft:broken":{"minecraft:iron_shovel":2,"minecraft:golden_shovel":1,"minecraft:iron_sword":1,"minecraft:wooden_axe":1,"mekanismtools:osmium_boots":1,"spartanshields:wooden_tower_shield":1,"minecraft:stone_hoe":1,"minecraft:iron_pickaxe":1,"minecraft:golden_pickaxe":1},"minecraft:used":{"minecraft:beetroot":5,"minecraft:iron_shovel":623,"minecraft:chest":8,"minecraft:shield":44,"minecraft:iron_sword":272,"minecraft:iron_chestplate":7,"tombstone:scroll_of_preservation":3,"minecraft:carrot":104,"minecraft:obsidian":10,"minecraft:glass":97,"spartanshields:wooden_tower_shield":8,"minecraft:lantern":5,"minecraft:iron_helmet":1,"minecraft:stone_brick_stairs":1,"minecraft:furnace":1,"minecraft:beetroot_seeds":12,"minecraft:skeleton_skull":5,"minecraft:egg":4,"minecraft:potato":9,"biomesoplenty:flesh":3,"minecraft:oak_planks":128,"minecraft:wooden_pickaxe":13,"minecraft:leather_chestplate":1,"minecraft:composter":1,"minecraft:diamond_axe":227,"minecraft:golden_apple":18,"minecraft:sand":1,"minecraft:mushroom_stew":1,"mekanismtools:steel_shovel":19,"vampirism:stake":7,"minecraft:bread":17,"spartanweaponry:wooden_boomerang":9,"minecraft:diamond_sword":89,"minecraft:air":1,"minecraft:golden_pickaxe":16,"minecraft:experience_bottle":4,"minecraft:oak_fence":100,"minecraft:enchanting_table":1,"minecraft:flint_and_steel":3,"minecraft:cooked_chicken":10,"minecraft:stone_hoe":361,"minecraft:netherrack":2,"minecraft:oak_door":2,"minecraft:torch":91,"minecraft:dirt":582,"minecraft:spyglass":4,"scalinghealth:heart_crystal":11,"minecraft:diamond_helmet":1,"minecraft:golden_shovel":48,"minecraft:oak_fence_gate":2,"minecraft:wooden_axe":35,"spartanweaponry:diamond_spear":3,"minecraft:oak_stairs":71,"scalinghealth:power_crystal":1,"tombstone:gift":6,"minecraft:cooked_beef":7,"minecraft:golden_axe":37,"minecraft:iron_leggings":1,"minecraft:cooked_mutton":2,"minecraft:wheat_seeds":259,"minecraft:water_bucket":35,"minecraft:cobblestone_stairs":56,"minecraft:red_nether_bricks":7,"minecraft:cracked_stone_bricks":2,"minecraft:lime_bed":1,"minecraft:tnt":4,"minecraft:crafting_table":2,"tombstone:tablet_of_home":3,"minecraft:oak_log":55,"tombstone:bag_of_seeds":1,"minecraft:diamond_pickaxe":584,"minecraft:apple":20,"minecraft:iron_pickaxe":250,"minecraft:cobblestone":1295,"minecraft:potion":1,"minecraft:porkchop":4,"minecraft:cooked_porkchop":3,"minecraft:bucket":35,"minecraft:pumpkin_pie":4,"minecraft:chainmail_leggings":3}},"DataVersion":3465}