{"stats":{"minecraft:mined":{"minecraft:red_nether_brick_slab":1,"minecraft:mangrove_stairs":1,"minecraft:dark_oak_trapdoor":1,"minecraft:red_nether_bricks":5,"minecraft:oak_log":11,"minecraft:gray_carpet":1,"minecraft:smooth_quartz_stairs":2,"minecraft:stripped_mangrove_wood":1,"minecraft:oak_planks":1},"minecraft:picked_up":{"minecraft:stripped_mangrove_wood":1,"minecraft:torch":8,"minecraft:oak_log":11,"tombstone:grave_dust":4,"scalinghealth:heart_crystal":2,"minecraft:dark_oak_trapdoor":1,"minecraft:red_nether_bricks":5,"minecraft:arrow":3,"minecraft:bone":1,"minecraft:rotten_flesh":35,"minecraft:red_nether_brick_slab":1,"tombstone:magic_scroll":3,"minecraft:oak_sapling":2,"minecraft:oak_planks":1,"minecraft:smooth_quartz_stairs":2},"minecraft:custom":{"minecraft:time_since_rest":214,"lootr:looted_stat":1,"minecraft:sprint_one_cm":80237,"minecraft:damage_taken":1333,"minecraft:walk_one_cm":56826,"minecraft:damage_blocked_by_shield":1253,"minecraft:drop":1,"minecraft:damage_dealt":291,"minecraft:swim_one_cm":713,"minecraft:interact_with_crafting_table":3,"minecraft:fly_one_cm":39082,"minecraft:crouch_one_cm":1113,"minecraft:play_time":18046,"minecraft:deaths":4,"minecraft:sneak_time":332,"minecraft:walk_under_water_one_cm":207,"minecraft:jump":248,"minecraft:interact_with_blast_furnace":1,"minecraft:leave_game":1,"minecraft:time_since_death":2489,"minecraft:walk_on_water_one_cm":1975,"minecraft:total_world_time":18046,"minecraft:climb_one_cm":8059,"minecraft:fall_one_cm":4988},"minecraft:dropped":{"spartanweaponry:wooden_boomerang":1},"minecraft:broken":{"spartanshields:wooden_tower_shield":1},"minecraft:crafted":{"minecraft:oak_planks":44,"spartanweaponry:wooden_boomerang":2,"minecraft:stick":24,"minecraft:wooden_pickaxe":1,"spartanshields:wooden_tower_shield":1,"minecraft:wooden_axe":1,"vampirism:stake":1},"minecraft:killed_by":{"minecraft:husk":1,"vampirism:hunter":1,"minecraft:skeleton":1,"alexsmobs:grizzly_bear":1},"minecraft:used":{"minecraft:wooden_axe":17,"spartanshields:wooden_tower_shield":8,"minecraft:oak_planks":8,"minecraft:wooden_pickaxe":10,"spartanweaponry:wooden_boomerang":4,"minecraft:torch":2}},"DataVersion":3465}