{"stats":{"minecraft:crafted":{"minecraft:oak_door":3,"minecraft:oak_planks":372,"minecraft:stone_shovel":5,"minecraft:oak_pressure_plate":2,"spartanshields:wooden_tower_shield":3,"spartanweaponry:stone_dagger":1,"minecraft:furnace":6,"minecraft:oak_trapdoor":2,"spartanweaponry:simple_handle":2,"minecraft:glass":23,"spartanweaponry:wooden_boomerang":1,"minecraft:stone_pickaxe":2,"minecraft:chest":12,"vampirism:stake":1,"minecraft:oak_fence":15,"spartanweaponry:stone_boomerang":1,"iceandfire:silver_ingot":5,"spartanweaponry:pole":4,"spartanweaponry:wooden_club":1,"spartanweaponry:stone_throwing_knife":1,"minecraft:birch_planks":16,"minecraft:stone_axe":2,"minecraft:oak_fence_gate":1,"minecraft:stick":100,"minecraft:iron_ingot":3,"minecraft:oak_stairs":96,"minecraft:torch":56},"minecraft:killed_by":{"vampirism:advanced_vampire":1},"minecraft:killed":{"vampirism:vampire":3,"vampirism:advanced_vampire":1,"minecraft:skeleton":1,"minecraft:sheep":1,"alexsmobs:crow":1},"minecraft:picked_up":{"minecraft:crafting_table":3,"minecraft:oak_stairs":10,"minecraft:oak_trapdoor":2,"minecraft:string":1,"minecraft:raw_copper":42,"minecraft:gold_nugget":5,"minecraft:beef":2,"minecraft:iron_pickaxe":5,"minecraft:light_gray_wool":1,"minecraft:chest":1,"minecraft:birch_sapling":17,"spartanweaponry:stone_dagger":1,"minecraft:iron_boots":1,"minecraft:furnace":5,"minecraft:oak_door":5,"minecraft:stick":99,"minecraft:raw_iron":3,"minecraft:stone":1,"minecraft:oak_fence":4,"minecraft:torch":91,"minecraft:porkchop":1,"vampirism:vampire_fang":2,"minecraft:diorite":2,"minecraft:rotten_flesh":10,"vampirism:blood_bottle":1,"minecraft:stone_shovel":6,"minecraft:gold_ingot":9,"minecraft:mutton":5,"minecraft:white_wool":2,"minecraft:cobblestone":358,"minecraft:birch_log":71,"vampirism:vampire_blood_bottle":3,"minecraft:feather":1,"minecraft:water_bucket":1,"minecraft:andesite":1,"spartanweaponry:wooden_club":1,"minecraft:black_bed":3,"minecraft:leather":2,"minecraft:oak_log":60,"minecraft:wooden_hoe":1,"minecraft:dirt":601,"minecraft:cooked_mutton":2,"minecraft:wheat_seeds":8,"minecraft:iron_ingot":3,"minecraft:book":99,"spartanweaponry:simple_handle":2,"minecraft:oak_pressure_plate":7,"minecraft:gravel":3,"spartanshields:wooden_tower_shield":1,"minecraft:sand":23,"minecraft:stone_axe":1,"minecraft:gray_wool":1,"minecraft:bread":34,"minecraft:oak_sapling":18,"minecraft:coal":54,"iceandfire:raw_silver":7},"minecraft:custom":{"lootr:looted_stat":1,"minecraft:mob_kills":14,"minecraft:interact_with_crafting_table":55,"minecraft:damage_dealt_resisted":86,"minecraft:leave_game":4,"minecraft:time_since_death":149019,"minecraft:climb_one_cm":21566,"minecraft:sprint_one_cm":257829,"vampirism:amount_bitten":33,"minecraft:walk_one_cm":607764,"minecraft:damage_blocked_by_shield":60,"minecraft:drop":47,"vampirism:skills_unlocked":1,"minecraft:play_time":174145,"minecraft:deaths":1,"minecraft:sneak_time":285,"minecraft:walk_under_water_one_cm":3261,"minecraft:jump":1575,"minecraft:walk_on_water_one_cm":4266,"minecraft:total_world_time":174145,"vampirism:blood_drunk":5200,"vampirism:altar_of_inspiration_rituals_performed":1,"minecraft:interact_with_furnace":27,"minecraft:tune_noteblock":5,"minecraft:sleep_in_bed":1,"minecraft:time_since_rest":149122,"minecraft:damage_taken":1059,"minecraft:damage_dealt":494,"minecraft:swim_one_cm":12945,"minecraft:fly_one_cm":102583,"minecraft:open_chest":51,"minecraft:crouch_one_cm":771,"minecraft:fall_one_cm":24800},"minecraft:broken":{"minecraft:stone_pickaxe":2,"minecraft:stone_axe":1,"minecraft:stone_shovel":4},"minecraft:mined":{"iceandfire:silver_ore":7,"minecraft:oak_door":5,"minecraft:grass_block":255,"minecraft:oak_pressure_plate":7,"minecraft:oak_trapdoor":2,"minecraft:furnace":5,"minecraft:iron_ore":3,"minecraft:andesite":1,"minecraft:bookshelf":11,"minecraft:oak_stairs":10,"minecraft:stone":268,"minecraft:oak_fence":4,"minecraft:crafting_table":3,"minecraft:torch":23,"minecraft:chest":1,"minecraft:copper_ore":12,"minecraft:cobblestone":3,"minecraft:diorite":2,"minecraft:wall_torch":39,"minecraft:birch_log":34,"minecraft:birch_leaves":34,"minecraft:black_bed":3,"minecraft:grass":6,"minecraft:coal_ore":35,"minecraft:oak_log":60,"minecraft:gravel":3,"minecraft:sand":23,"minecraft:dirt":368,"minecraft:oak_leaves":93},"minecraft:used":{"minecraft:oak_trapdoor":2,"minecraft:oak_fence":12,"minecraft:stone_shovel":607,"minecraft:chest":13,"minecraft:oak_door":6,"minecraft:torch":133,"minecraft:dirt":562,"minecraft:oak_fence_gate":1,"spartanshields:wooden_tower_shield":1,"spartanweaponry:stone_dagger":17,"minecraft:oak_stairs":106,"minecraft:iron_boots":1,"minecraft:furnace":11,"minecraft:wheat_seeds":8,"minecraft:water_bucket":1,"minecraft:stone_pickaxe":257,"minecraft:crafting_table":3,"minecraft:black_bed":2,"minecraft:wooden_hoe":18,"minecraft:bread":11,"minecraft:iron_pickaxe":92,"minecraft:oak_pressure_plate":9,"spartanweaponry:wooden_boomerang":24,"minecraft:stone_axe":157,"minecraft:cobblestone":14,"spartanweaponry:stone_throwing_knife":39,"minecraft:birch_log":1,"alexsmobs:animal_dictionary":2,"minecraft:air":6},"minecraft:dropped":{"minecraft:iron_ingot":6,"minecraft:enchanted_book":1,"minecraft:bread":16,"spartanweaponry:simple_handle":2,"minecraft:porkchop":1,"minecraft:cobblestone":9,"minecraft:book":99,"spartanweaponry:stone_throwing_knife":1,"minecraft:stick":55,"minecraft:torch":15,"spartanshields:wooden_tower_shield":2,"minecraft:iron_pickaxe":3,"minecraft:birch_log":46,"minecraft:stone_shovel":5,"vampirism:vampire_blood_bottle":2,"vampirism:vampire_fang":1,"minecraft:oak_sapling":3}},"DataVersion":3465}