{"stats":{"minecraft:mined":{"iceandfire:silver_ore":8,"minecraft:oak_door":5,"minecraft:grass_block":257,"minecraft:oak_pressure_plate":7,"minecraft:oak_trapdoor":2,"minecraft:furnace":5,"minecraft:iron_ore":3,"minecraft:andesite":1,"minecraft:bookshelf":11,"minecraft:oak_stairs":10,"minecraft:stone":275,"minecraft:oak_fence":4,"minecraft:crafting_table":3,"minecraft:torch":25,"minecraft:chest":1,"minecraft:copper_ore":15,"minecraft:cobblestone":5,"minecraft:diorite":2,"minecraft:wall_torch":40,"minecraft:birch_log":34,"minecraft:birch_leaves":34,"minecraft:black_bed":3,"minecraft:grass":6,"minecraft:oak_log":64,"minecraft:coal_ore":37,"minecraft:gravel":3,"minecraft:sand":23,"minecraft:dirt":372,"minecraft:oak_leaves":99},"minecraft:used":{"minecraft:oak_trapdoor":2,"minecraft:oak_fence":12,"minecraft:stone_shovel":610,"minecraft:chest":13,"minecraft:oak_door":6,"minecraft:torch":145,"minecraft:dirt":579,"minecraft:oak_fence_gate":1,"spartanshields:wooden_tower_shield":8,"spartanweaponry:stone_dagger":17,"minecraft:oak_stairs":114,"minecraft:iron_boots":1,"minecraft:furnace":11,"minecraft:wheat_seeds":8,"minecraft:water_bucket":1,"minecraft:stone_pickaxe":257,"spartanweaponry:stone_halberd":5,"minecraft:crafting_table":3,"minecraft:black_bed":2,"minecraft:wooden_hoe":24,"minecraft:bread":11,"minecraft:iron_pickaxe":107,"spartanweaponry:stone_boomerang":6,"minecraft:oak_pressure_plate":9,"spartanweaponry:wooden_boomerang":24,"minecraft:stone_axe":165,"minecraft:cobblestone":29,"spartanweaponry:stone_throwing_knife":39,"minecraft:birch_log":1,"alexsmobs:animal_dictionary":2,"minecraft:air":6},"minecraft:killed":{"vampirism:vampire":3,"vampirism:advanced_vampire":1,"alexsmobs:seagull":2,"minecraft:skeleton":2,"minecraft:sheep":1,"alexsmobs:crow":1},"minecraft:killed_by":{"vampirism:advanced_vampire":1},"minecraft:crafted":{"minecraft:oak_door":3,"spartanweaponry:stone_pike":1,"minecraft:oak_planks":388,"minecraft:stone_shovel":5,"minecraft:oak_pressure_plate":2,"spartanshields:wooden_tower_shield":3,"spartanweaponry:stone_dagger":1,"minecraft:furnace":6,"vampirism:crossbow_arrow_normal":2,"minecraft:oak_trapdoor":2,"spartanweaponry:simple_handle":2,"minecraft:glass":23,"minecraft:bow":1,"spartanweaponry:wooden_boomerang":1,"spartanweaponry:stone_halberd":1,"minecraft:stone_pickaxe":2,"minecraft:chest":12,"vampirism:stake":1,"minecraft:oak_fence":15,"spartanweaponry:stone_boomerang":1,"iceandfire:silver_ingot":5,"spartanweaponry:pole":4,"spartanweaponry:wooden_club":1,"spartanweaponry:stone_throwing_knife":1,"minecraft:birch_planks":16,"minecraft:stone_axe":2,"minecraft:oak_fence_gate":1,"minecraft:oak_boat":1,"minecraft:stick":108,"minecraft:iron_ingot":3,"minecraft:oak_stairs":104,"minecraft:torch":64},"minecraft:dropped":{"minecraft:enchanted_book":1,"minecraft:iron_ingot":6,"minecraft:bread":16,"spartanweaponry:simple_handle":2,"minecraft:porkchop":1,"minecraft:glass_bottle":2,"minecraft:cobblestone":9,"minecraft:book":99,"spartanweaponry:stone_throwing_knife":1,"minecraft:stick":55,"minecraft:torch":15,"spartanshields:wooden_tower_shield":2,"minecraft:iron_pickaxe":3,"minecraft:birch_log":46,"minecraft:bucket":1,"minecraft:stone_shovel":5,"vampirism:vampire_blood_bottle":2,"vampirism:vampire_fang":1,"vampirism:crossbow_arrow_normal":2,"minecraft:oak_sapling":3},"minecraft:broken":{"minecraft:stone_pickaxe":2,"minecraft:stone_axe":1,"minecraft:stone_shovel":4},"minecraft:custom":{"lootr:looted_stat":1,"minecraft:mob_kills":17,"minecraft:interact_with_crafting_table":63,"minecraft:damage_dealt_resisted":86,"minecraft:leave_game":5,"minecraft:time_since_death":172163,"minecraft:climb_one_cm":21566,"minecraft:sprint_one_cm":281185,"vampirism:amount_bitten":59,"minecraft:walk_one_cm":708736,"minecraft:damage_blocked_by_shield":495,"minecraft:drop":52,"vampirism:skills_unlocked":1,"vampirism:interact_with_altar_inspiration":1,"minecraft:play_time":197289,"minecraft:deaths":1,"minecraft:sneak_time":319,"minecraft:walk_under_water_one_cm":3261,"minecraft:jump":1762,"minecraft:walk_on_water_one_cm":4266,"minecraft:total_world_time":197289,"vampirism:blood_drunk":5900,"vampirism:altar_of_inspiration_rituals_performed":1,"minecraft:interact_with_furnace":27,"minecraft:tune_noteblock":5,"minecraft:sleep_in_bed":1,"minecraft:time_since_rest":172266,"minecraft:damage_taken":1364,"minecraft:damage_dealt":855,"minecraft:swim_one_cm":12945,"minecraft:fly_one_cm":114036,"minecraft:open_chest":69,"minecraft:crouch_one_cm":1024,"minecraft:fall_one_cm":28253},"minecraft:picked_up":{"minecraft:crafting_table":3,"minecraft:wheat":1,"minecraft:oak_stairs":10,"minecraft:oak_trapdoor":2,"minecraft:string":3,"minecraft:raw_copper":51,"minecraft:gold_nugget":5,"minecraft:bucket":1,"minecraft:beef":2,"minecraft:iron_pickaxe":5,"minecraft:light_gray_wool":1,"minecraft:chest":1,"minecraft:birch_sapling":17,"vampirism:crossbow_arrow_normal":2,"spartanweaponry:stone_dagger":1,"minecraft:iron_boots":1,"minecraft:furnace":5,"minecraft:stick":99,"minecraft:raw_iron":3,"minecraft:stone":1,"minecraft:oak_door":5,"minecraft:oak_fence":4,"minecraft:torch":95,"minecraft:porkchop":1,"minecraft:diorite":2,"vampirism:vampire_fang":2,"minecraft:arrow":2,"minecraft:rotten_flesh":10,"vampirism:blood_bottle":1,"minecraft:stone_shovel":6,"minecraft:gold_ingot":9,"minecraft:mutton":5,"minecraft:white_wool":2,"minecraft:cobblestone":365,"minecraft:birch_log":71,"minecraft:feather":3,"vampirism:vampire_blood_bottle":3,"minecraft:water_bucket":1,"minecraft:andesite":1,"spartanweaponry:wooden_club":1,"minecraft:black_bed":3,"minecraft:leather":2,"minecraft:oak_log":64,"minecraft:wooden_hoe":1,"minecraft:dirt":607,"minecraft:cooked_mutton":2,"minecraft:bone":2,"minecraft:wheat_seeds":8,"minecraft:iron_ingot":3,"minecraft:glass_bottle":4,"minecraft:book":99,"minecraft:birch_boat":1,"spartanweaponry:simple_handle":2,"minecraft:oak_pressure_plate":7,"minecraft:gravel":3,"spartanshields:wooden_tower_shield":1,"minecraft:sand":23,"minecraft:stone_axe":1,"minecraft:gray_wool":1,"minecraft:bread":34,"minecraft:oak_sapling":18,"minecraft:coal":56,"iceandfire:raw_silver":8}},"DataVersion":3465}