{"stats":{"minecraft:crafted":{"minecraft:oak_door":3,"minecraft:oak_planks":288,"minecraft:stone_shovel":5,"iceandfire:silver_ingot":5,"minecraft:oak_pressure_plate":2,"spartanshields:wooden_tower_shield":2,"spartanweaponry:wooden_club":1,"spartanweaponry:stone_dagger":1,"minecraft:furnace":6,"spartanweaponry:stone_throwing_knife":1,"minecraft:birch_planks":4,"minecraft:stone_axe":2,"minecraft:oak_trapdoor":2,"spartanweaponry:simple_handle":2,"spartanweaponry:wooden_boomerang":1,"minecraft:stick":76,"minecraft:stone_pickaxe":2,"minecraft:oak_stairs":68,"minecraft:chest":12,"vampirism:stake":1,"minecraft:torch":44,"spartanweaponry:stone_boomerang":1},"minecraft:killed_by":{"vampirism:advanced_vampire":1},"minecraft:killed":{"vampirism:vampire":2,"vampirism:advanced_vampire":1,"minecraft:sheep":1,"minecraft:skeleton":1},"minecraft:picked_up":{"minecraft:birch_log":48,"minecraft:crafting_table":3,"vampirism:vampire_blood_bottle":3,"spartanweaponry:wooden_club":1,"minecraft:black_bed":3,"minecraft:oak_stairs":4,"minecraft:oak_log":60,"minecraft:dirt":578,"minecraft:string":1,"minecraft:oak_trapdoor":2,"minecraft:raw_copper":23,"minecraft:cooked_mutton":2,"minecraft:wheat_seeds":2,"minecraft:gold_nugget":5,"minecraft:iron_pickaxe":2,"minecraft:light_gray_wool":1,"minecraft:chest":1,"minecraft:birch_sapling":14,"spartanweaponry:stone_dagger":1,"minecraft:iron_boots":1,"minecraft:furnace":5,"minecraft:book":99,"minecraft:stick":95,"minecraft:stone":1,"minecraft:oak_door":5,"spartanweaponry:simple_handle":2,"minecraft:torch":81,"minecraft:oak_pressure_plate":7,"minecraft:gravel":2,"spartanshields:wooden_tower_shield":1,"minecraft:porkchop":1,"minecraft:diorite":2,"vampirism:vampire_fang":2,"vampirism:blood_bottle":1,"minecraft:stone_shovel":1,"minecraft:rotten_flesh":10,"minecraft:stone_axe":1,"minecraft:gold_ingot":9,"minecraft:bread":34,"minecraft:oak_sapling":17,"minecraft:mutton":4,"minecraft:coal":29,"minecraft:white_wool":2,"iceandfire:raw_silver":6,"minecraft:cobblestone":308},"minecraft:custom":{"minecraft:interact_with_furnace":9,"lootr:looted_stat":1,"minecraft:mob_kills":9,"minecraft:interact_with_crafting_table":48,"minecraft:tune_noteblock":5,"minecraft:damage_dealt_resisted":37,"minecraft:leave_game":4,"minecraft:time_since_death":99067,"minecraft:sleep_in_bed":1,"minecraft:climb_one_cm":21566,"minecraft:time_since_rest":99170,"vampirism:amount_bitten":7,"minecraft:sprint_one_cm":208570,"minecraft:damage_taken":1003,"minecraft:walk_one_cm":416796,"minecraft:damage_blocked_by_shield":60,"minecraft:drop":34,"minecraft:damage_dealt":481,"vampirism:skills_unlocked":1,"minecraft:swim_one_cm":12945,"minecraft:fly_one_cm":82601,"minecraft:open_chest":30,"minecraft:crouch_one_cm":435,"minecraft:play_time":124193,"minecraft:sneak_time":224,"minecraft:deaths":1,"minecraft:walk_under_water_one_cm":3261,"minecraft:jump":1247,"minecraft:walk_on_water_one_cm":4266,"minecraft:total_world_time":124193,"vampirism:blood_drunk":1000,"minecraft:fall_one_cm":20486},"minecraft:broken":{"minecraft:stone_pickaxe":1,"minecraft:stone_axe":1,"minecraft:stone_shovel":4},"minecraft:mined":{"iceandfire:silver_ore":6,"minecraft:oak_door":5,"minecraft:torch":15,"minecraft:crafting_table":3,"minecraft:grass_block":245,"minecraft:chest":1,"minecraft:oak_pressure_plate":7,"minecraft:copper_ore":7,"minecraft:cobblestone":3,"minecraft:diorite":2,"minecraft:wall_torch":39,"minecraft:oak_trapdoor":2,"minecraft:furnace":5,"minecraft:birch_log":34,"minecraft:birch_leaves":1,"minecraft:black_bed":3,"minecraft:grass":5,"minecraft:bookshelf":11,"minecraft:oak_log":60,"minecraft:coal_ore":10,"minecraft:oak_stairs":4,"minecraft:gravel":2,"minecraft:dirt":356,"minecraft:stone":238,"minecraft:oak_leaves":93},"minecraft:used":{"minecraft:oak_trapdoor":2,"minecraft:stone_shovel":539,"minecraft:stone_pickaxe":211,"minecraft:chest":13,"minecraft:oak_door":6,"minecraft:torch":102,"minecraft:dirt":418,"minecraft:crafting_table":3,"minecraft:black_bed":2,"spartanshields:wooden_tower_shield":1,"spartanweaponry:stone_dagger":17,"minecraft:oak_stairs":68,"minecraft:bread":11,"minecraft:iron_pickaxe":72,"minecraft:oak_pressure_plate":9,"minecraft:iron_boots":1,"spartanweaponry:wooden_boomerang":24,"minecraft:stone_axe":146,"minecraft:cobblestone":12,"spartanweaponry:stone_throwing_knife":34,"minecraft:furnace":11,"minecraft:birch_log":1,"alexsmobs:animal_dictionary":2,"minecraft:air":6},"minecraft:dropped":{"minecraft:enchanted_book":1,"minecraft:bread":16,"spartanweaponry:simple_handle":2,"minecraft:porkchop":1,"minecraft:cobblestone":9,"minecraft:book":99,"minecraft:stick":55,"vampirism:vampire_blood_bottle":2,"vampirism:vampire_fang":1,"minecraft:torch":12,"spartanshields:wooden_tower_shield":2,"minecraft:oak_sapling":3,"minecraft:iron_pickaxe":1,"minecraft:birch_log":46}},"DataVersion":3465}