{"stats":{"minecraft:crafted":{"minecraft:oak_door":3,"minecraft:oak_planks":372,"minecraft:stone_shovel":5,"iceandfire:silver_ingot":5,"spartanweaponry:pole":4,"minecraft:oak_pressure_plate":2,"spartanshields:wooden_tower_shield":3,"spartanweaponry:wooden_club":1,"spartanweaponry:stone_dagger":1,"minecraft:furnace":6,"spartanweaponry:stone_throwing_knife":1,"minecraft:birch_planks":16,"minecraft:stone_axe":2,"minecraft:oak_trapdoor":2,"minecraft:glass":23,"spartanweaponry:simple_handle":2,"spartanweaponry:wooden_boomerang":1,"minecraft:stick":88,"minecraft:iron_ingot":3,"minecraft:stone_pickaxe":2,"minecraft:oak_stairs":96,"minecraft:chest":12,"vampirism:stake":1,"minecraft:torch":56,"spartanweaponry:stone_boomerang":1},"minecraft:killed_by":{"vampirism:advanced_vampire":1},"minecraft:killed":{"vampirism:vampire":3,"vampirism:advanced_vampire":1,"minecraft:sheep":1,"minecraft:skeleton":1,"alexsmobs:crow":1},"minecraft:picked_up":{"minecraft:birch_log":71,"minecraft:feather":1,"minecraft:crafting_table":3,"vampirism:vampire_blood_bottle":3,"minecraft:andesite":1,"minecraft:leather":2,"spartanweaponry:wooden_club":1,"minecraft:black_bed":3,"minecraft:oak_stairs":7,"minecraft:oak_log":60,"minecraft:dirt":600,"minecraft:string":1,"minecraft:oak_trapdoor":2,"minecraft:raw_copper":42,"minecraft:cooked_mutton":2,"minecraft:wheat_seeds":2,"minecraft:gold_nugget":5,"minecraft:beef":2,"minecraft:iron_pickaxe":5,"minecraft:light_gray_wool":1,"minecraft:chest":1,"minecraft:birch_sapling":17,"spartanweaponry:stone_dagger":1,"minecraft:iron_boots":1,"minecraft:furnace":5,"minecraft:book":99,"minecraft:raw_iron":3,"minecraft:stick":99,"minecraft:stone":1,"minecraft:oak_door":5,"spartanweaponry:simple_handle":2,"minecraft:sand":23,"minecraft:torch":91,"minecraft:oak_pressure_plate":7,"minecraft:gravel":3,"spartanshields:wooden_tower_shield":1,"minecraft:porkchop":1,"minecraft:diorite":2,"vampirism:vampire_fang":2,"vampirism:blood_bottle":1,"minecraft:stone_shovel":6,"minecraft:rotten_flesh":10,"minecraft:stone_axe":1,"minecraft:gray_wool":1,"minecraft:gold_ingot":9,"minecraft:bread":34,"minecraft:oak_sapling":18,"minecraft:mutton":5,"minecraft:coal":54,"minecraft:white_wool":2,"iceandfire:raw_silver":7,"minecraft:cobblestone":348},"minecraft:custom":{"minecraft:interact_with_furnace":27,"lootr:looted_stat":1,"minecraft:mob_kills":14,"minecraft:interact_with_crafting_table":54,"minecraft:tune_noteblock":5,"minecraft:damage_dealt_resisted":86,"minecraft:leave_game":4,"minecraft:time_since_death":135006,"minecraft:sleep_in_bed":1,"minecraft:climb_one_cm":21566,"minecraft:time_since_rest":135109,"vampirism:amount_bitten":32,"minecraft:sprint_one_cm":257829,"minecraft:damage_taken":1059,"minecraft:walk_one_cm":581109,"minecraft:damage_blocked_by_shield":60,"minecraft:drop":45,"minecraft:damage_dealt":494,"vampirism:skills_unlocked":1,"minecraft:swim_one_cm":12945,"minecraft:fly_one_cm":102534,"minecraft:open_chest":51,"minecraft:crouch_one_cm":771,"minecraft:play_time":160132,"minecraft:sneak_time":285,"minecraft:deaths":1,"minecraft:walk_under_water_one_cm":3261,"minecraft:jump":1561,"minecraft:walk_on_water_one_cm":4266,"minecraft:total_world_time":160132,"vampirism:blood_drunk":5100,"minecraft:fall_one_cm":24380},"minecraft:broken":{"minecraft:stone_pickaxe":2,"minecraft:stone_axe":1,"minecraft:stone_shovel":4},"minecraft:mined":{"iceandfire:silver_ore":7,"minecraft:oak_door":5,"minecraft:torch":23,"minecraft:crafting_table":3,"minecraft:grass_block":254,"minecraft:chest":1,"minecraft:oak_pressure_plate":7,"minecraft:copper_ore":12,"minecraft:cobblestone":3,"minecraft:diorite":2,"minecraft:wall_torch":39,"minecraft:oak_trapdoor":2,"minecraft:iron_ore":3,"minecraft:furnace":5,"minecraft:birch_log":34,"minecraft:andesite":1,"minecraft:birch_leaves":34,"minecraft:black_bed":3,"minecraft:grass":6,"minecraft:bookshelf":11,"minecraft:oak_log":60,"minecraft:coal_ore":35,"minecraft:oak_stairs":7,"minecraft:gravel":3,"minecraft:sand":23,"minecraft:dirt":368,"minecraft:stone":258,"minecraft:oak_leaves":93},"minecraft:used":{"minecraft:oak_trapdoor":2,"minecraft:stone_shovel":606,"minecraft:stone_pickaxe":257,"minecraft:chest":13,"minecraft:oak_door":6,"minecraft:torch":133,"minecraft:dirt":552,"minecraft:crafting_table":3,"minecraft:black_bed":2,"spartanshields:wooden_tower_shield":1,"spartanweaponry:stone_dagger":17,"minecraft:oak_stairs":103,"minecraft:bread":11,"minecraft:iron_pickaxe":82,"minecraft:oak_pressure_plate":9,"minecraft:iron_boots":1,"spartanweaponry:wooden_boomerang":24,"minecraft:stone_axe":150,"minecraft:cobblestone":14,"spartanweaponry:stone_throwing_knife":39,"minecraft:furnace":11,"minecraft:birch_log":1,"alexsmobs:animal_dictionary":2,"minecraft:air":6},"minecraft:dropped":{"minecraft:enchanted_book":1,"minecraft:bread":16,"spartanweaponry:simple_handle":2,"minecraft:porkchop":1,"minecraft:stone_shovel":5,"minecraft:cobblestone":9,"minecraft:book":99,"spartanweaponry:stone_throwing_knife":1,"minecraft:stick":55,"vampirism:vampire_blood_bottle":2,"vampirism:vampire_fang":1,"minecraft:torch":15,"spartanshields:wooden_tower_shield":2,"minecraft:oak_sapling":3,"minecraft:iron_pickaxe":3,"minecraft:birch_log":46}},"DataVersion":3465}