{
  "minecraft:recipes/decorations/crafting_table": {
    "criteria": {
      "unlock_right_away": "2024-07-06 19:52:07 -0500"
    },
    "done": true
  },
  "mekanism:root": {
    "criteria": {
      "automatic": "2024-07-06 19:51:55 -0500"
    },
    "done": true
  },
  "mowziesmobs:root": {
    "criteria": {
      "custom_test_name": "2024-07-06 19:52:07 -0500"
    },
    "done": true
  },
  "iceandfire:iceandfire/root": {
    "criteria": {
      "tick": "2024-07-06 19:52:07 -0500"
    },
    "done": true
  },
  "dungeons_arise:wda_root": {
    "criteria": {
      "WDA": "2024-07-06 19:52:07 -0500"
    },
    "done": true
  },
  "biomesoplenty:biomesoplenty/root": {
    "criteria": {
      "pumpkin_patch": "2024-07-06 19:52:55 -0500"
    },
    "done": true
  },
  "tombstone:adventure/root": {
    "criteria": {
      "auto": "2024-07-06 19:52:55 -0500"
    },
    "done": true
  },
  "alexsmobs:alexsmobs/root": {
    "criteria": {
      "useitem": "2024-07-06 19:56:15 -0500"
    },
    "done": true
  },
  "biomesoplenty:biomesoplenty/all_biomes": {
    "criteria": {
      "shrubland": "2024-07-06 19:56:39 -0500",
      "rocky_shrubland": "2024-07-06 19:56:31 -0500",
      "maple_woods": "2024-07-06 19:53:21 -0500",
      "field": "2024-07-06 19:53:34 -0500",
      "coniferous_forest": "2024-07-06 19:54:58 -0500",
      "forested_field": "2024-07-06 19:53:39 -0500",
      "seasonal_forest": "2024-07-06 19:54:13 -0500",
      "pumpkin_patch": "2024-07-06 19:52:55 -0500"
    },
    "done": false
  },
  "lootr:root": {
    "criteria": {
      "always_true": "2024-07-06 19:52:07 -0500"
    },
    "done": true
  },
  "minecraft:husbandry/root": {
    "criteria": {
      "consumed_item": "2024-07-06 19:56:15 -0500"
    },
    "done": true
  },
  "cataclysm:root": {
    "criteria": {
      "custom_test_name": "2024-07-06 19:52:07 -0500"
    },
    "done": true
  },
  "ironfurnaces:coal": {
    "criteria": {
      "rainbowcoal": "2024-07-06 19:51:55 -0500"
    },
    "done": true
  },
  "minecraft:adventure/adventuring_time": {
    "criteria": {
      "minecraft:taiga": "2024-07-06 19:53:25 -0500",
      "minecraft:river": "2024-07-06 19:53:52 -0500",
      "minecraft:plains": "2024-07-06 19:55:50 -0500"
    },
    "done": false
  },
  "DataVersion": 3465
}